Workbook

Sheet Calendar
B1: APP Staff Schedule · Oct 26 – Jan 31, 2027
B2: Staff member: | C2: Katie
B4: REMAINING TO FILL (this person, by pay period)
B5: Pay period | C5: Dates | D5: Target | E5: Scheduled | F5: Remaining | G5: CME | H5: PTO
B6: PP1 | C6: Oct 26 – Nov 08 | D6: =MAX(0,IFERROR(INDEX({6,6,6,6,6,6,6,6,6,6,0,0,0,0,0,0},1,MATCH($C$2,Schedule!$K$2:$Z$2,0)),0)-IFERROR(INDEX({0,0,0,2,0,2,2,0,0,0,0,0,0,0,0,0},1,MATCH($C$2,Schedule!$K$2:$Z$2,0)),0)-IFERROR(MAX(COUNTIF(INDEX(Schedule!$K$1:$Z$200,4,MATCH($C$2,Schedule!$K$2:$Z$2,0)):INDEX(Schedule!$K$1:$Z$200,17,MATCH($C$2,Schedule!$K$2:$Z$2,0)),"PTO"),INDEX({0,1,0,0,1,0,0,0,6,0,0,0,0,0,0,0},1,MATCH($C$2,Schedule!$K$2:$Z$2,0))),0)) -> 6 | E6: =IFERROR(COUNTIF(INDEX(Schedule!$K$1:$Z$200,4,MATCH($C$2,Schedule!$K$2:$Z$2,0)):INDEX(Schedule!$K$1:$Z$200,17,MATCH($C$2,Schedule!$K$2:$Z$2,0)),"Day")+COUNTIF(INDEX(Schedule!$K$1:$Z$200,4,MATCH($C$2,Schedule!$K$2:$Z$2,0)):INDEX(Schedule!$K$1:$Z$200,17,MATCH($C$2,Schedule!$K$2:$Z$2,0)),"Night")+COUNTIF(INDEX(Schedule!$K$1:$Z$200,4,MATCH($C$2,Schedule!$K$2:$Z$2,0)):INDEX(Schedule!$K$1:$Z$200,17,MATCH($C$2,Schedule!$K$2:$Z$2,0)),"FC3")+COUNTIF(INDEX(Schedule!$K$1:$Z$200,4,MATCH($C$2,Schedule!$K$2:$Z$2,0)):INDEX(Schedule!$K$1:$Z$200,17,MATCH($C$2,Schedule!$K$2:$Z$2,0)),"FC3 Night"),0) -> 6 | F6: =MAX(0,MAX(0,IFERROR(INDEX({6,6,6,6,6,6,6,6,6,6,0,0,0,0,0,0},1,MATCH($C$2,Schedule!$K$2:$Z$2,0)),0)-IFERROR(INDEX({0,0,0,2,0,2,2,0,0,0,0,0,0,0,0,0},1,MATCH($C$2,Schedule!$K$2:$Z$2,0)),0)-IFERROR(MAX(COUNTIF(INDEX(Schedule!$K$1:$Z$200,4,MATCH($C$2,Schedule!$K$2:$Z$2,0)):INDEX(Schedule!$K$1:$Z$200,17,MATCH($C$2,Schedule!$K$2:$Z$2,0)),"PTO"),INDEX({0,1,0,0,1,0,0,0,6,0,0,0,0,0,0,0},1,MATCH($C$2,Schedule!$K$2:$Z$2,0))),0))-IFERROR(COUNTIF(INDEX(Schedule!$K$1:$Z$200,4,MATCH($C$2,Schedule!$K$2:$Z$2,0)):INDEX(Schedule!$K$1:$Z$200,17,MATCH($C$2,Schedule!$K$2:$Z$2,0)),"Day")+COUNTIF(INDEX(Schedule!$K$1:$Z$200,4,MATCH($C$2,Schedule!$K$2:$Z$2,0)):INDEX(Schedule!$K$1:$Z$200,17,MATCH($C$2,Schedule!$K$2:$Z$2,0)),"Night")+COUNTIF(INDEX(Schedule!$K$1:$Z$200,4,MATCH($C$2,Schedule!$K$2:$Z$2,0)):INDEX(Schedule!$K$1:$Z$200,17,MATCH($C$2,Schedule!$K$2:$Z$2,0)),"FC3")+COUNTIF(INDEX(Schedule!$K$1:$Z$200,4,MATCH($C$2,Schedule!$K$2:$Z$2,0)):INDEX(Schedule!$K$1:$Z$200,17,MATCH($C$2,Schedule!$K$2:$Z$2,0)),"FC3 Night"),0)) -> 0 | G6: =IFERROR(INDEX({0,0,0,2,0,2,2,0,0,0,0,0,0,0,0,0},1,MATCH($C$2,Schedule!$K$2:$Z$2,0)),0) -> 0 | H6: =IFERROR(MAX(COUNTIF(INDEX(Schedule!$K$1:$Z$200,4,MATCH($C$2,Schedule!$K$2:$Z$2,0)):INDEX(Schedule!$K$1:$Z$200,17,MATCH($C$2,Schedule!$K$2:$Z$2,0)),"PTO"),INDEX({0,1,0,0,1,0,0,0,6,0,0,0,0,0,0,0},1,MATCH($C$2,Schedule!$K$2:$Z$2,0))),0) -> 0
B7: PP2 | C7: Nov 09 – Nov 22 | D7: =MAX(0,IFERROR(INDEX({6,6,6,6,6,6,6,6,6,6,0,0,0,0,0,0},1,MATCH($C$2,Schedule!$K$2:$Z$2,0)),0)-IFERROR(INDEX({0,1,0,1,1,0,1,0,0,1,0,0,0,0,0,0},1,MATCH($C$2,Schedule!$K$2:$Z$2,0)),0)-IFERROR(MAX(COUNTIF(INDEX(Schedule!$K$1:$Z$200,19,MATCH($C$2,Schedule!$K$2:$Z$2,0)):INDEX(Schedule!$K$1:$Z$200,32,MATCH($C$2,Schedule!$K$2:$Z$2,0)),"PTO"),INDEX({0,0,0,0,0,1,0,1,6,0,0,0,0,0,0,0},1,MATCH($C$2,Schedule!$K$2:$Z$2,0))),0)) -> 6 | E7: =IFERROR(COUNTIF(INDEX(Schedule!$K$1:$Z$200,19,MATCH($C$2,Schedule!$K$2:$Z$2,0)):INDEX(Schedule!$K$1:$Z$200,32,MATCH($C$2,Schedule!$K$2:$Z$2,0)),"Day")+COUNTIF(INDEX(Schedule!$K$1:$Z$200,19,MATCH($C$2,Schedule!$K$2:$Z$2,0)):INDEX(Schedule!$K$1:$Z$200,32,MATCH($C$2,Schedule!$K$2:$Z$2,0)),"Night")+COUNTIF(INDEX(Schedule!$K$1:$Z$200,19,MATCH($C$2,Schedule!$K$2:$Z$2,0)):INDEX(Schedule!$K$1:$Z$200,32,MATCH($C$2,Schedule!$K$2:$Z$2,0)),"FC3")+COUNTIF(INDEX(Schedule!$K$1:$Z$200,19,MATCH($C$2,Schedule!$K$2:$Z$2,0)):INDEX(Schedule!$K$1:$Z$200,32,MATCH($C$2,Schedule!$K$2:$Z$2,0)),"FC3 Night"),0) -> 6 | F7: =MAX(0,MAX(0,IFERROR(INDEX({6,6,6,6,6,6,6,6,6,6,0,0,0,0,0,0},1,MATCH($C$2,Schedule!$K$2:$Z$2,0)),0)-IFERROR(INDEX({0,1,0,1,1,0,1,0,0,1,0,0,0,0,0,0},1,MATCH($C$2,Schedule!$K$2:$Z$2,0)),0)-IFERROR(MAX(COUNTIF(INDEX(Schedule!$K$1:$Z$200,19,MATCH($C$2,Schedule!$K$2:$Z$2,0)):INDEX(Schedule!$K$1:$Z$200,32,MATCH($C$2,Schedule!$K$2:$Z$2,0)),"PTO"),INDEX({0,0,0,0,0,1,0,1,6,0,0,0,0,0,0,0},1,MATCH($C$2,Schedule!$K$2:$Z$2,0))),0))-IFERROR(COUNTIF(INDEX(Schedule!$K$1:$Z$200,19,MATCH($C$2,Schedule!$K$2:$Z$2,0)):INDEX(Schedule!$K$1:$Z$200,32,MATCH($C$2,Schedule!$K$2:$Z$2,0)),"Day")+COUNTIF(INDEX(Schedule!$K$1:$Z$200,19,MATCH($C$2,Schedule!$K$2:$Z$2,0)):INDEX(Schedule!$K$1:$Z$200,32,MATCH($C$2,Schedule!$K$2:$Z$2,0)),"Night")+COUNTIF(INDEX(Schedule!$K$1:$Z$200,19,MATCH($C$2,Schedule!$K$2:$Z$2,0)):INDEX(Schedule!$K$1:$Z$200,32,MATCH($C$2,Schedule!$K$2:$Z$2,0)),"FC3")+COUNTIF(INDEX(Schedule!$K$1:$Z$200,19,MATCH($C$2,Schedule!$K$2:$Z$2,0)):INDEX(Schedule!$K$1:$Z$200,32,MATCH($C$2,Schedule!$K$2:$Z$2,0)),"FC3 Night"),0)) -> 0 | G7: =IFERROR(INDEX({0,1,0,1,1,0,1,0,0,1,0,0,0,0,0,0},1,MATCH($C$2,Schedule!$K$2:$Z$2,0)),0) -> 0 | H7: =IFERROR(MAX(COUNTIF(INDEX(Schedule!$K$1:$Z$200,19,MATCH($C$2,Schedule!$K$2:$Z$2,0)):INDEX(Schedule!$K$1:$Z$200,32,MATCH($C$2,Schedule!$K$2:$Z$2,0)),"PTO"),INDEX({0,0,0,0,0,1,0,1,6,0,0,0,0,0,0,0},1,MATCH($C$2,Schedule!$K$2:$Z$2,0))),0) -> 0
B8: PP3 | C8: Nov 23 – Dec 06 | D8: =MAX(0,IFERROR(INDEX({6,6,6,6,6,6,6,6,6,6,0,0,0,0,0,0},1,MATCH($C$2,Schedule!$K$2:$Z$2,0)),0)-IFERROR(INDEX({0,0,0,0,0,0,0,0,0,0,0,0,0,0,0,0},1,MATCH($C$2,Schedule!$K$2:$Z$2,0)),0)-IFERROR(MAX(COUNTIF(INDEX(Schedule!$K$1:$Z$200,34,MATCH($C$2,Schedule!$K$2:$Z$2,0)):INDEX(Schedule!$K$1:$Z$200,47,MATCH($C$2,Schedule!$K$2:$Z$2,0)),"PTO"),INDEX({0,0,0,0,0,2,0,0,6,1,0,0,0,0,0,0},1,MATCH($C$2,Schedule!$K$2:$Z$2,0))),0)) -> 6 | E8: =IFERROR(COUNTIF(INDEX(Schedule!$K$1:$Z$200,34,MATCH($C$2,Schedule!$K$2:$Z$2,0)):INDEX(Schedule!$K$1:$Z$200,47,MATCH($C$2,Schedule!$K$2:$Z$2,0)),"Day")+COUNTIF(INDEX(Schedule!$K$1:$Z$200,34,MATCH($C$2,Schedule!$K$2:$Z$2,0)):INDEX(Schedule!$K$1:$Z$200,47,MATCH($C$2,Schedule!$K$2:$Z$2,0)),"Night")+COUNTIF(INDEX(Schedule!$K$1:$Z$200,34,MATCH($C$2,Schedule!$K$2:$Z$2,0)):INDEX(Schedule!$K$1:$Z$200,47,MATCH($C$2,Schedule!$K$2:$Z$2,0)),"FC3")+COUNTIF(INDEX(Schedule!$K$1:$Z$200,34,MATCH($C$2,Schedule!$K$2:$Z$2,0)):INDEX(Schedule!$K$1:$Z$200,47,MATCH($C$2,Schedule!$K$2:$Z$2,0)),"FC3 Night"),0) -> 6 | F8: =MAX(0,MAX(0,IFERROR(INDEX({6,6,6,6,6,6,6,6,6,6,0,0,0,0,0,0},1,MATCH($C$2,Schedule!$K$2:$Z$2,0)),0)-IFERROR(INDEX({0,0,0,0,0,0,0,0,0,0,0,0,0,0,0,0},1,MATCH($C$2,Schedule!$K$2:$Z$2,0)),0)-IFERROR(MAX(COUNTIF(INDEX(Schedule!$K$1:$Z$200,34,MATCH($C$2,Schedule!$K$2:$Z$2,0)):INDEX(Schedule!$K$1:$Z$200,47,MATCH($C$2,Schedule!$K$2:$Z$2,0)),"PTO"),INDEX({0,0,0,0,0,2,0,0,6,1,0,0,0,0,0,0},1,MATCH($C$2,Schedule!$K$2:$Z$2,0))),0))-IFERROR(COUNTIF(INDEX(Schedule!$K$1:$Z$200,34,MATCH($C$2,Schedule!$K$2:$Z$2,0)):INDEX(Schedule!$K$1:$Z$200,47,MATCH($C$2,Schedule!$K$2:$Z$2,0)),"Day")+COUNTIF(INDEX(Schedule!$K$1:$Z$200,34,MATCH($C$2,Schedule!$K$2:$Z$2,0)):INDEX(Schedule!$K$1:$Z$200,47,MATCH($C$2,Schedule!$K$2:$Z$2,0)),"Night")+COUNTIF(INDEX(Schedule!$K$1:$Z$200,34,MATCH($C$2,Schedule!$K$2:$Z$2,0)):INDEX(Schedule!$K$1:$Z$200,47,MATCH($C$2,Schedule!$K$2:$Z$2,0)),"FC3")+COUNTIF(INDEX(Schedule!$K$1:$Z$200,34,MATCH($C$2,Schedule!$K$2:$Z$2,0)):INDEX(Schedule!$K$1:$Z$200,47,MATCH($C$2,Schedule!$K$2:$Z$2,0)),"FC3 Night"),0)) -> 0 | G8: =IFERROR(INDEX({0,0,0,0,0,0,0,0,0,0,0,0,0,0,0,0},1,MATCH($C$2,Schedule!$K$2:$Z$2,0)),0) -> 0 | H8: =IFERROR(MAX(COUNTIF(INDEX(Schedule!$K$1:$Z$200,34,MATCH($C$2,Schedule!$K$2:$Z$2,0)):INDEX(Schedule!$K$1:$Z$200,47,MATCH($C$2,Schedule!$K$2:$Z$2,0)),"PTO"),INDEX({0,0,0,0,0,2,0,0,6,1,0,0,0,0,0,0},1,MATCH($C$2,Schedule!$K$2:$Z$2,0))),0) -> 0
B9: PP4 | C9: Dec 07 – Dec 20 | D9: =MAX(0,IFERROR(INDEX({6,6,6,6,6,6,6,6,6,6,0,0,0,0,0,0},1,MATCH($C$2,Schedule!$K$2:$Z$2,0)),0)-IFERROR(INDEX({0,0,0,0,0,0,0,0,0,0,0,0,0,0,0,0},1,MATCH($C$2,Schedule!$K$2:$Z$2,0)),0)-IFERROR(MAX(COUNTIF(INDEX(Schedule!$K$1:$Z$200,49,MATCH($C$2,Schedule!$K$2:$Z$2,0)):INDEX(Schedule!$K$1:$Z$200,62,MATCH($C$2,Schedule!$K$2:$Z$2,0)),"PTO"),INDEX({1,0,0,0,0,0,0,0,6,0,0,0,0,0,0,0},1,MATCH($C$2,Schedule!$K$2:$Z$2,0))),0)) -> 5 | E9: =IFERROR(COUNTIF(INDEX(Schedule!$K$1:$Z$200,49,MATCH($C$2,Schedule!$K$2:$Z$2,0)):INDEX(Schedule!$K$1:$Z$200,62,MATCH($C$2,Schedule!$K$2:$Z$2,0)),"Day")+COUNTIF(INDEX(Schedule!$K$1:$Z$200,49,MATCH($C$2,Schedule!$K$2:$Z$2,0)):INDEX(Schedule!$K$1:$Z$200,62,MATCH($C$2,Schedule!$K$2:$Z$2,0)),"Night")+COUNTIF(INDEX(Schedule!$K$1:$Z$200,49,MATCH($C$2,Schedule!$K$2:$Z$2,0)):INDEX(Schedule!$K$1:$Z$200,62,MATCH($C$2,Schedule!$K$2:$Z$2,0)),"FC3")+COUNTIF(INDEX(Schedule!$K$1:$Z$200,49,MATCH($C$2,Schedule!$K$2:$Z$2,0)):INDEX(Schedule!$K$1:$Z$200,62,MATCH($C$2,Schedule!$K$2:$Z$2,0)),"FC3 Night"),0) -> 5 | F9: =MAX(0,MAX(0,IFERROR(INDEX({6,6,6,6,6,6,6,6,6,6,0,0,0,0,0,0},1,MATCH($C$2,Schedule!$K$2:$Z$2,0)),0)-IFERROR(INDEX({0,0,0,0,0,0,0,0,0,0,0,0,0,0,0,0},1,MATCH($C$2,Schedule!$K$2:$Z$2,0)),0)-IFERROR(MAX(COUNTIF(INDEX(Schedule!$K$1:$Z$200,49,MATCH($C$2,Schedule!$K$2:$Z$2,0)):INDEX(Schedule!$K$1:$Z$200,62,MATCH($C$2,Schedule!$K$2:$Z$2,0)),"PTO"),INDEX({1,0,0,0,0,0,0,0,6,0,0,0,0,0,0,0},1,MATCH($C$2,Schedule!$K$2:$Z$2,0))),0))-IFERROR(COUNTIF(INDEX(Schedule!$K$1:$Z$200,49,MATCH($C$2,Schedule!$K$2:$Z$2,0)):INDEX(Schedule!$K$1:$Z$200,62,MATCH($C$2,Schedule!$K$2:$Z$2,0)),"Day")+COUNTIF(INDEX(Schedule!$K$1:$Z$200,49,MATCH($C$2,Schedule!$K$2:$Z$2,0)):INDEX(Schedule!$K$1:$Z$200,62,MATCH($C$2,Schedule!$K$2:$Z$2,0)),"Night")+COUNTIF(INDEX(Schedule!$K$1:$Z$200,49,MATCH($C$2,Schedule!$K$2:$Z$2,0)):INDEX(Schedule!$K$1:$Z$200,62,MATCH($C$2,Schedule!$K$2:$Z$2,0)),"FC3")+COUNTIF(INDEX(Schedule!$K$1:$Z$200,49,MATCH($C$2,Schedule!$K$2:$Z$2,0)):INDEX(Schedule!$K$1:$Z$200,62,MATCH($C$2,Schedule!$K$2:$Z$2,0)),"FC3 Night"),0)) -> 0 | G9: =IFERROR(INDEX({0,0,0,0,0,0,0,0,0,0,0,0,0,0,0,0},1,MATCH($C$2,Schedule!$K$2:$Z$2,0)),0) -> 0 | H9: =IFERROR(MAX(COUNTIF(INDEX(Schedule!$K$1:$Z$200,49,MATCH($C$2,Schedule!$K$2:$Z$2,0)):INDEX(Schedule!$K$1:$Z$200,62,MATCH($C$2,Schedule!$K$2:$Z$2,0)),"PTO"),INDEX({1,0,0,0,0,0,0,0,6,0,0,0,0,0,0,0},1,MATCH($C$2,Schedule!$K$2:$Z$2,0))),0) -> 1
B10: PP5 | C10: Dec 21 – Jan 03 | D10: =MAX(0,IFERROR(INDEX({6,6,6,6,6,6,6,6,6,6,0,0,0,0,0,0},1,MATCH($C$2,Schedule!$K$2:$Z$2,0)),0)-IFERROR(INDEX({0,0,0,0,0,0,0,0,0,0,0,0,0,0,0,0},1,MATCH($C$2,Schedule!$K$2:$Z$2,0)),0)-IFERROR(MAX(COUNTIF(INDEX(Schedule!$K$1:$Z$200,64,MATCH($C$2,Schedule!$K$2:$Z$2,0)):INDEX(Schedule!$K$1:$Z$200,77,MATCH($C$2,Schedule!$K$2:$Z$2,0)),"PTO"),INDEX({0,1,0,2,2,2,0,1,1,0,0,0,0,0,0,0},1,MATCH($C$2,Schedule!$K$2:$Z$2,0))),0)) -> 6 | E10: =IFERROR(COUNTIF(INDEX(Schedule!$K$1:$Z$200,64,MATCH($C$2,Schedule!$K$2:$Z$2,0)):INDEX(Schedule!$K$1:$Z$200,77,MATCH($C$2,Schedule!$K$2:$Z$2,0)),"Day")+COUNTIF(INDEX(Schedule!$K$1:$Z$200,64,MATCH($C$2,Schedule!$K$2:$Z$2,0)):INDEX(Schedule!$K$1:$Z$200,77,MATCH($C$2,Schedule!$K$2:$Z$2,0)),"Night")+COUNTIF(INDEX(Schedule!$K$1:$Z$200,64,MATCH($C$2,Schedule!$K$2:$Z$2,0)):INDEX(Schedule!$K$1:$Z$200,77,MATCH($C$2,Schedule!$K$2:$Z$2,0)),"FC3")+COUNTIF(INDEX(Schedule!$K$1:$Z$200,64,MATCH($C$2,Schedule!$K$2:$Z$2,0)):INDEX(Schedule!$K$1:$Z$200,77,MATCH($C$2,Schedule!$K$2:$Z$2,0)),"FC3 Night"),0) -> 6 | F10: =MAX(0,MAX(0,IFERROR(INDEX({6,6,6,6,6,6,6,6,6,6,0,0,0,0,0,0},1,MATCH($C$2,Schedule!$K$2:$Z$2,0)),0)-IFERROR(INDEX({0,0,0,0,0,0,0,0,0,0,0,0,0,0,0,0},1,MATCH($C$2,Schedule!$K$2:$Z$2,0)),0)-IFERROR(MAX(COUNTIF(INDEX(Schedule!$K$1:$Z$200,64,MATCH($C$2,Schedule!$K$2:$Z$2,0)):INDEX(Schedule!$K$1:$Z$200,77,MATCH($C$2,Schedule!$K$2:$Z$2,0)),"PTO"),INDEX({0,1,0,2,2,2,0,1,1,0,0,0,0,0,0,0},1,MATCH($C$2,Schedule!$K$2:$Z$2,0))),0))-IFERROR(COUNTIF(INDEX(Schedule!$K$1:$Z$200,64,MATCH($C$2,Schedule!$K$2:$Z$2,0)):INDEX(Schedule!$K$1:$Z$200,77,MATCH($C$2,Schedule!$K$2:$Z$2,0)),"Day")+COUNTIF(INDEX(Schedule!$K$1:$Z$200,64,MATCH($C$2,Schedule!$K$2:$Z$2,0)):INDEX(Schedule!$K$1:$Z$200,77,MATCH($C$2,Schedule!$K$2:$Z$2,0)),"Night")+COUNTIF(INDEX(Schedule!$K$1:$Z$200,64,MATCH($C$2,Schedule!$K$2:$Z$2,0)):INDEX(Schedule!$K$1:$Z$200,77,MATCH($C$2,Schedule!$K$2:$Z$2,0)),"FC3")+COUNTIF(INDEX(Schedule!$K$1:$Z$200,64,MATCH($C$2,Schedule!$K$2:$Z$2,0)):INDEX(Schedule!$K$1:$Z$200,77,MATCH($C$2,Schedule!$K$2:$Z$2,0)),"FC3 Night"),0)) -> 0 | G10: =IFERROR(INDEX({0,0,0,0,0,0,0,0,0,0,0,0,0,0,0,0},1,MATCH($C$2,Schedule!$K$2:$Z$2,0)),0) -> 0 | H10: =IFERROR(MAX(COUNTIF(INDEX(Schedule!$K$1:$Z$200,64,MATCH($C$2,Schedule!$K$2:$Z$2,0)):INDEX(Schedule!$K$1:$Z$200,77,MATCH($C$2,Schedule!$K$2:$Z$2,0)),"PTO"),INDEX({0,1,0,2,2,2,0,1,1,0,0,0,0,0,0,0},1,MATCH($C$2,Schedule!$K$2:$Z$2,0))),0) -> 0
B11: PP6 | C11: Jan 04 – Jan 17 | D11: =MAX(0,IFERROR(INDEX({6,6,6,6,6,6,6,6,6,6,0,0,0,0,0,0},1,MATCH($C$2,Schedule!$K$2:$Z$2,0)),0)-IFERROR(INDEX({0,0,0,0,0,0,0,0,0,0,0,0,0,0,0,0},1,MATCH($C$2,Schedule!$K$2:$Z$2,0)),0)-IFERROR(MAX(COUNTIF(INDEX(Schedule!$K$1:$Z$200,79,MATCH($C$2,Schedule!$K$2:$Z$2,0)):INDEX(Schedule!$K$1:$Z$200,92,MATCH($C$2,Schedule!$K$2:$Z$2,0)),"PTO"),INDEX({0,0,0,0,0,0,0,0,0,0,0,0,0,0,0,0},1,MATCH($C$2,Schedule!$K$2:$Z$2,0))),0)) -> 6 | E11: =IFERROR(COUNTIF(INDEX(Schedule!$K$1:$Z$200,79,MATCH($C$2,Schedule!$K$2:$Z$2,0)):INDEX(Schedule!$K$1:$Z$200,92,MATCH($C$2,Schedule!$K$2:$Z$2,0)),"Day")+COUNTIF(INDEX(Schedule!$K$1:$Z$200,79,MATCH($C$2,Schedule!$K$2:$Z$2,0)):INDEX(Schedule!$K$1:$Z$200,92,MATCH($C$2,Schedule!$K$2:$Z$2,0)),"Night")+COUNTIF(INDEX(Schedule!$K$1:$Z$200,79,MATCH($C$2,Schedule!$K$2:$Z$2,0)):INDEX(Schedule!$K$1:$Z$200,92,MATCH($C$2,Schedule!$K$2:$Z$2,0)),"FC3")+COUNTIF(INDEX(Schedule!$K$1:$Z$200,79,MATCH($C$2,Schedule!$K$2:$Z$2,0)):INDEX(Schedule!$K$1:$Z$200,92,MATCH($C$2,Schedule!$K$2:$Z$2,0)),"FC3 Night"),0) -> 6 | F11: =MAX(0,MAX(0,IFERROR(INDEX({6,6,6,6,6,6,6,6,6,6,0,0,0,0,0,0},1,MATCH($C$2,Schedule!$K$2:$Z$2,0)),0)-IFERROR(INDEX({0,0,0,0,0,0,0,0,0,0,0,0,0,0,0,0},1,MATCH($C$2,Schedule!$K$2:$Z$2,0)),0)-IFERROR(MAX(COUNTIF(INDEX(Schedule!$K$1:$Z$200,79,MATCH($C$2,Schedule!$K$2:$Z$2,0)):INDEX(Schedule!$K$1:$Z$200,92,MATCH($C$2,Schedule!$K$2:$Z$2,0)),"PTO"),INDEX({0,0,0,0,0,0,0,0,0,0,0,0,0,0,0,0},1,MATCH($C$2,Schedule!$K$2:$Z$2,0))),0))-IFERROR(COUNTIF(INDEX(Schedule!$K$1:$Z$200,79,MATCH($C$2,Schedule!$K$2:$Z$2,0)):INDEX(Schedule!$K$1:$Z$200,92,MATCH($C$2,Schedule!$K$2:$Z$2,0)),"Day")+COUNTIF(INDEX(Schedule!$K$1:$Z$200,79,MATCH($C$2,Schedule!$K$2:$Z$2,0)):INDEX(Schedule!$K$1:$Z$200,92,MATCH($C$2,Schedule!$K$2:$Z$2,0)),"Night")+COUNTIF(INDEX(Schedule!$K$1:$Z$200,79,MATCH($C$2,Schedule!$K$2:$Z$2,0)):INDEX(Schedule!$K$1:$Z$200,92,MATCH($C$2,Schedule!$K$2:$Z$2,0)),"FC3")+COUNTIF(INDEX(Schedule!$K$1:$Z$200,79,MATCH($C$2,Schedule!$K$2:$Z$2,0)):INDEX(Schedule!$K$1:$Z$200,92,MATCH($C$2,Schedule!$K$2:$Z$2,0)),"FC3 Night"),0)) -> 0 | G11: =IFERROR(INDEX({0,0,0,0,0,0,0,0,0,0,0,0,0,0,0,0},1,MATCH($C$2,Schedule!$K$2:$Z$2,0)),0) -> 0 | H11: =IFERROR(MAX(COUNTIF(INDEX(Schedule!$K$1:$Z$200,79,MATCH($C$2,Schedule!$K$2:$Z$2,0)):INDEX(Schedule!$K$1:$Z$200,92,MATCH($C$2,Schedule!$K$2:$Z$2,0)),"PTO"),INDEX({0,0,0,0,0,0,0,0,0,0,0,0,0,0,0,0},1,MATCH($C$2,Schedule!$K$2:$Z$2,0))),0) -> 0
B12: PP7 | C12: Jan 18 – Jan 31 | D12: =MAX(0,IFERROR(INDEX({6,6,6,6,6,6,6,6,6,6,0,0,0,0,0,0},1,MATCH($C$2,Schedule!$K$2:$Z$2,0)),0)-IFERROR(INDEX({0,0,0,0,0,0,0,0,0,0,0,0,0,0,0,0},1,MATCH($C$2,Schedule!$K$2:$Z$2,0)),0)-IFERROR(MAX(COUNTIF(INDEX(Schedule!$K$1:$Z$200,94,MATCH($C$2,Schedule!$K$2:$Z$2,0)):INDEX(Schedule!$K$1:$Z$200,107,MATCH($C$2,Schedule!$K$2:$Z$2,0)),"PTO"),INDEX({0,0,0,0,0,0,0,2,0,0,0,0,0,0,0,0},1,MATCH($C$2,Schedule!$K$2:$Z$2,0))),0)) -> 6 | E12: =IFERROR(COUNTIF(INDEX(Schedule!$K$1:$Z$200,94,MATCH($C$2,Schedule!$K$2:$Z$2,0)):INDEX(Schedule!$K$1:$Z$200,107,MATCH($C$2,Schedule!$K$2:$Z$2,0)),"Day")+COUNTIF(INDEX(Schedule!$K$1:$Z$200,94,MATCH($C$2,Schedule!$K$2:$Z$2,0)):INDEX(Schedule!$K$1:$Z$200,107,MATCH($C$2,Schedule!$K$2:$Z$2,0)),"Night")+COUNTIF(INDEX(Schedule!$K$1:$Z$200,94,MATCH($C$2,Schedule!$K$2:$Z$2,0)):INDEX(Schedule!$K$1:$Z$200,107,MATCH($C$2,Schedule!$K$2:$Z$2,0)),"FC3")+COUNTIF(INDEX(Schedule!$K$1:$Z$200,94,MATCH($C$2,Schedule!$K$2:$Z$2,0)):INDEX(Schedule!$K$1:$Z$200,107,MATCH($C$2,Schedule!$K$2:$Z$2,0)),"FC3 Night"),0) -> 5 | F12: =MAX(0,MAX(0,IFERROR(INDEX({6,6,6,6,6,6,6,6,6,6,0,0,0,0,0,0},1,MATCH($C$2,Schedule!$K$2:$Z$2,0)),0)-IFERROR(INDEX({0,0,0,0,0,0,0,0,0,0,0,0,0,0,0,0},1,MATCH($C$2,Schedule!$K$2:$Z$2,0)),0)-IFERROR(MAX(COUNTIF(INDEX(Schedule!$K$1:$Z$200,94,MATCH($C$2,Schedule!$K$2:$Z$2,0)):INDEX(Schedule!$K$1:$Z$200,107,MATCH($C$2,Schedule!$K$2:$Z$2,0)),"PTO"),INDEX({0,0,0,0,0,0,0,2,0,0,0,0,0,0,0,0},1,MATCH($C$2,Schedule!$K$2:$Z$2,0))),0))-IFERROR(COUNTIF(INDEX(Schedule!$K$1:$Z$200,94,MATCH($C$2,Schedule!$K$2:$Z$2,0)):INDEX(Schedule!$K$1:$Z$200,107,MATCH($C$2,Schedule!$K$2:$Z$2,0)),"Day")+COUNTIF(INDEX(Schedule!$K$1:$Z$200,94,MATCH($C$2,Schedule!$K$2:$Z$2,0)):INDEX(Schedule!$K$1:$Z$200,107,MATCH($C$2,Schedule!$K$2:$Z$2,0)),"Night")+COUNTIF(INDEX(Schedule!$K$1:$Z$200,94,MATCH($C$2,Schedule!$K$2:$Z$2,0)):INDEX(Schedule!$K$1:$Z$200,107,MATCH($C$2,Schedule!$K$2:$Z$2,0)),"FC3")+COUNTIF(INDEX(Schedule!$K$1:$Z$200,94,MATCH($C$2,Schedule!$K$2:$Z$2,0)):INDEX(Schedule!$K$1:$Z$200,107,MATCH($C$2,Schedule!$K$2:$Z$2,0)),"FC3 Night"),0)) -> 1 | G12: =IFERROR(INDEX({0,0,0,0,0,0,0,0,0,0,0,0,0,0,0,0},1,MATCH($C$2,Schedule!$K$2:$Z$2,0)),0) -> 0 | H12: =IFERROR(MAX(COUNTIF(INDEX(Schedule!$K$1:$Z$200,94,MATCH($C$2,Schedule!$K$2:$Z$2,0)):INDEX(Schedule!$K$1:$Z$200,107,MATCH($C$2,Schedule!$K$2:$Z$2,0)),"PTO"),INDEX({0,0,0,0,0,0,0,2,0,0,0,0,0,0,0,0},1,MATCH($C$2,Schedule!$K$2:$Z$2,0))),0) -> 0
B13: TOTAL | D13: =SUM(D6:D12) -> 41 | E13: =SUM(E6:E12) -> 40 | F13: =SUM(F6:F12) -> 1 | G13: =SUM(G6:G12) -> 0 | H13: =SUM(H6:H12) -> 1
B15: October 2026
B16: Sun | C16: Mon | D16: Tue | E16: Wed | F16: Thu | G16: Fri | H16: Sat
F17: 1 | G17: 2 | H17: 3
B19: 4 | C19: 5 | D19: 6 | E19: 7 | F19: 8 | G19: 9 | H19: 10
B21: 11 | C21: 12 | D21: 13 | E21: 14 | F21: 15 | G21: 16 | H21: 17
B23: 18 | C23: 19 | D23: 20 | E23: 21 | F23: 22 | G23: 23 | H23: 24
B25: 25 | C25: 26 | D25: 27 | E25: 28 | F25: 29 | G25: 30 | H25: 31
C26: =IFERROR(IF(INDEX(Schedule!$K$4:$Z$4,1,MATCH($C$2,Schedule!$K$2:$Z$2,0))<>"",INDEX(Schedule!$K$4:$Z$4,1,MATCH($C$2,Schedule!$K$2:$Z$2,0)),""),"") | D26: =IFERROR(IF(INDEX(Schedule!$K$5:$Z$5,1,MATCH($C$2,Schedule!$K$2:$Z$2,0))<>"",INDEX(Schedule!$K$5:$Z$5,1,MATCH($C$2,Schedule!$K$2:$Z$2,0)),""),"") -> Day | E26: =IFERROR(IF(INDEX(Schedule!$K$6:$Z$6,1,MATCH($C$2,Schedule!$K$2:$Z$2,0))<>"",INDEX(Schedule!$K$6:$Z$6,1,MATCH($C$2,Schedule!$K$2:$Z$2,0)),""),"") -> Day | F26: =IFERROR(IF(INDEX(Schedule!$K$7:$Z$7,1,MATCH($C$2,Schedule!$K$2:$Z$2,0))<>"",INDEX(Schedule!$K$7:$Z$7,1,MATCH($C$2,Schedule!$K$2:$Z$2,0)),""),"") -> Day | G26: =IFERROR(IF(INDEX(Schedule!$K$8:$Z$8,1,MATCH($C$2,Schedule!$K$2:$Z$2,0))<>"",INDEX(Schedule!$K$8:$Z$8,1,MATCH($C$2,Schedule!$K$2:$Z$2,0)),""),"") | H26: =IFERROR(IF(INDEX(Schedule!$K$9:$Z$9,1,MATCH($C$2,Schedule!$K$2:$Z$2,0))<>"",INDEX(Schedule!$K$9:$Z$9,1,MATCH($C$2,Schedule!$K$2:$Z$2,0)),""),"")
B28: November 2026
B29: Sun | C29: Mon | D29: Tue | E29: Wed | F29: Thu | G29: Fri | H29: Sat
B30: 1 | C30: 2 | D30: 3 | E30: 4 | F30: 5 | G30: 6 | H30: 7
B31: =IFERROR(IF(INDEX(Schedule!$K$10:$Z$10,1,MATCH($C$2,Schedule!$K$2:$Z$2,0))<>"",INDEX(Schedule!$K$10:$Z$10,1,MATCH($C$2,Schedule!$K$2:$Z$2,0)),""),"") -> OFF | C31: =IFERROR(IF(INDEX(Schedule!$K$11:$Z$11,1,MATCH($C$2,Schedule!$K$2:$Z$2,0))<>"",INDEX(Schedule!$K$11:$Z$11,1,MATCH($C$2,Schedule!$K$2:$Z$2,0)),""),"") | D31: =IFERROR(IF(INDEX(Schedule!$K$12:$Z$12,1,MATCH($C$2,Schedule!$K$2:$Z$2,0))<>"",INDEX(Schedule!$K$12:$Z$12,1,MATCH($C$2,Schedule!$K$2:$Z$2,0)),""),"") | E31: =IFERROR(IF(INDEX(Schedule!$K$13:$Z$13,1,MATCH($C$2,Schedule!$K$2:$Z$2,0))<>"",INDEX(Schedule!$K$13:$Z$13,1,MATCH($C$2,Schedule!$K$2:$Z$2,0)),""),"") -> Day | F31: =IFERROR(IF(INDEX(Schedule!$K$14:$Z$14,1,MATCH($C$2,Schedule!$K$2:$Z$2,0))<>"",INDEX(Schedule!$K$14:$Z$14,1,MATCH($C$2,Schedule!$K$2:$Z$2,0)),""),"") -> Day | G31: =IFERROR(IF(INDEX(Schedule!$K$15:$Z$15,1,MATCH($C$2,Schedule!$K$2:$Z$2,0))<>"",INDEX(Schedule!$K$15:$Z$15,1,MATCH($C$2,Schedule!$K$2:$Z$2,0)),""),"") | H31: =IFERROR(IF(INDEX(Schedule!$K$16:$Z$16,1,MATCH($C$2,Schedule!$K$2:$Z$2,0))<>"",INDEX(Schedule!$K$16:$Z$16,1,MATCH($C$2,Schedule!$K$2:$Z$2,0)),""),"")
B32: 8 | C32: 9 | D32: 10 | E32: 11 | F32: 12 | G32: 13 | H32: 14
B33: =IFERROR(IF(INDEX(Schedule!$K$17:$Z$17,1,MATCH($C$2,Schedule!$K$2:$Z$2,0))<>"",INDEX(Schedule!$K$17:$Z$17,1,MATCH($C$2,Schedule!$K$2:$Z$2,0)),""),"") -> Night | C33: =IFERROR(IF(INDEX(Schedule!$K$19:$Z$19,1,MATCH($C$2,Schedule!$K$2:$Z$2,0))<>"",INDEX(Schedule!$K$19:$Z$19,1,MATCH($C$2,Schedule!$K$2:$Z$2,0)),""),"") -> Night | D33: =IFERROR(IF(INDEX(Schedule!$K$20:$Z$20,1,MATCH($C$2,Schedule!$K$2:$Z$2,0))<>"",INDEX(Schedule!$K$20:$Z$20,1,MATCH($C$2,Schedule!$K$2:$Z$2,0)),""),"") -> Night | E33: =IFERROR(IF(INDEX(Schedule!$K$21:$Z$21,1,MATCH($C$2,Schedule!$K$2:$Z$2,0))<>"",INDEX(Schedule!$K$21:$Z$21,1,MATCH($C$2,Schedule!$K$2:$Z$2,0)),""),"") | F33: =IFERROR(IF(INDEX(Schedule!$K$22:$Z$22,1,MATCH($C$2,Schedule!$K$2:$Z$2,0))<>"",INDEX(Schedule!$K$22:$Z$22,1,MATCH($C$2,Schedule!$K$2:$Z$2,0)),""),"") | G33: =IFERROR(IF(INDEX(Schedule!$K$23:$Z$23,1,MATCH($C$2,Schedule!$K$2:$Z$2,0))<>"",INDEX(Schedule!$K$23:$Z$23,1,MATCH($C$2,Schedule!$K$2:$Z$2,0)),""),"") | H33: =IFERROR(IF(INDEX(Schedule!$K$24:$Z$24,1,MATCH($C$2,Schedule!$K$2:$Z$2,0))<>"",INDEX(Schedule!$K$24:$Z$24,1,MATCH($C$2,Schedule!$K$2:$Z$2,0)),""),"") -> OFF
B34: 15 | C34: 16 | D34: 17 | E34: 18 | F34: 19 | G34: 20 | H34: 21
B35: =IFERROR(IF(INDEX(Schedule!$K$25:$Z$25,1,MATCH($C$2,Schedule!$K$2:$Z$2,0))<>"",INDEX(Schedule!$K$25:$Z$25,1,MATCH($C$2,Schedule!$K$2:$Z$2,0)),""),"") -> OFF | C35: =IFERROR(IF(INDEX(Schedule!$K$26:$Z$26,1,MATCH($C$2,Schedule!$K$2:$Z$2,0))<>"",INDEX(Schedule!$K$26:$Z$26,1,MATCH($C$2,Schedule!$K$2:$Z$2,0)),""),"") -> Day | D35: =IFERROR(IF(INDEX(Schedule!$K$27:$Z$27,1,MATCH($C$2,Schedule!$K$2:$Z$2,0))<>"",INDEX(Schedule!$K$27:$Z$27,1,MATCH($C$2,Schedule!$K$2:$Z$2,0)),""),"") | E35: =IFERROR(IF(INDEX(Schedule!$K$28:$Z$28,1,MATCH($C$2,Schedule!$K$2:$Z$2,0))<>"",INDEX(Schedule!$K$28:$Z$28,1,MATCH($C$2,Schedule!$K$2:$Z$2,0)),""),"") | F35: =IFERROR(IF(INDEX(Schedule!$K$29:$Z$29,1,MATCH($C$2,Schedule!$K$2:$Z$2,0))<>"",INDEX(Schedule!$K$29:$Z$29,1,MATCH($C$2,Schedule!$K$2:$Z$2,0)),""),"") | G35: =IFERROR(IF(INDEX(Schedule!$K$30:$Z$30,1,MATCH($C$2,Schedule!$K$2:$Z$2,0))<>"",INDEX(Schedule!$K$30:$Z$30,1,MATCH($C$2,Schedule!$K$2:$Z$2,0)),""),"") -> Day | H35: =IFERROR(IF(INDEX(Schedule!$K$31:$Z$31,1,MATCH($C$2,Schedule!$K$2:$Z$2,0))<>"",INDEX(Schedule!$K$31:$Z$31,1,MATCH($C$2,Schedule!$K$2:$Z$2,0)),""),"") -> Day
B36: 22 | C36: 23 | D36: 24 | E36: 25 | F36: 26 | G36: 27 | H36: 28
B37: =IFERROR(IF(INDEX(Schedule!$K$32:$Z$32,1,MATCH($C$2,Schedule!$K$2:$Z$2,0))<>"",INDEX(Schedule!$K$32:$Z$32,1,MATCH($C$2,Schedule!$K$2:$Z$2,0)),""),"") -> Day | C37: =IFERROR(IF(INDEX(Schedule!$K$34:$Z$34,1,MATCH($C$2,Schedule!$K$2:$Z$2,0))<>"",INDEX(Schedule!$K$34:$Z$34,1,MATCH($C$2,Schedule!$K$2:$Z$2,0)),""),"") -> Day | D37: =IFERROR(IF(INDEX(Schedule!$K$35:$Z$35,1,MATCH($C$2,Schedule!$K$2:$Z$2,0))<>"",INDEX(Schedule!$K$35:$Z$35,1,MATCH($C$2,Schedule!$K$2:$Z$2,0)),""),"") | E37: =IFERROR(IF(INDEX(Schedule!$K$36:$Z$36,1,MATCH($C$2,Schedule!$K$2:$Z$2,0))<>"",INDEX(Schedule!$K$36:$Z$36,1,MATCH($C$2,Schedule!$K$2:$Z$2,0)),""),"") -> Day | F37: =IFERROR(IF(INDEX(Schedule!$K$37:$Z$37,1,MATCH($C$2,Schedule!$K$2:$Z$2,0))<>"",INDEX(Schedule!$K$37:$Z$37,1,MATCH($C$2,Schedule!$K$2:$Z$2,0)),""),"") -> OFF | G37: =IFERROR(IF(INDEX(Schedule!$K$38:$Z$38,1,MATCH($C$2,Schedule!$K$2:$Z$2,0))<>"",INDEX(Schedule!$K$38:$Z$38,1,MATCH($C$2,Schedule!$K$2:$Z$2,0)),""),"") -> OFF | H37: =IFERROR(IF(INDEX(Schedule!$K$39:$Z$39,1,MATCH($C$2,Schedule!$K$2:$Z$2,0))<>"",INDEX(Schedule!$K$39:$Z$39,1,MATCH($C$2,Schedule!$K$2:$Z$2,0)),""),"") -> OFF
B38: 29 | C38: 30
B39: =IFERROR(IF(INDEX(Schedule!$K$40:$Z$40,1,MATCH($C$2,Schedule!$K$2:$Z$2,0))<>"",INDEX(Schedule!$K$40:$Z$40,1,MATCH($C$2,Schedule!$K$2:$Z$2,0)),""),"") -> Day | C39: =IFERROR(IF(INDEX(Schedule!$K$41:$Z$41,1,MATCH($C$2,Schedule!$K$2:$Z$2,0))<>"",INDEX(Schedule!$K$41:$Z$41,1,MATCH($C$2,Schedule!$K$2:$Z$2,0)),""),"") -> Day
B41: December 2026
B42: Sun | C42: Mon | D42: Tue | E42: Wed | F42: Thu | G42: Fri | H42: Sat
D43: 1 | E43: 2 | F43: 3 | G43: 4 | H43: 5
D44: =IFERROR(IF(INDEX(Schedule!$K$42:$Z$42,1,MATCH($C$2,Schedule!$K$2:$Z$2,0))<>"",INDEX(Schedule!$K$42:$Z$42,1,MATCH($C$2,Schedule!$K$2:$Z$2,0)),""),"") | E44: =IFERROR(IF(INDEX(Schedule!$K$43:$Z$43,1,MATCH($C$2,Schedule!$K$2:$Z$2,0))<>"",INDEX(Schedule!$K$43:$Z$43,1,MATCH($C$2,Schedule!$K$2:$Z$2,0)),""),"") | F44: =IFERROR(IF(INDEX(Schedule!$K$44:$Z$44,1,MATCH($C$2,Schedule!$K$2:$Z$2,0))<>"",INDEX(Schedule!$K$44:$Z$44,1,MATCH($C$2,Schedule!$K$2:$Z$2,0)),""),"") | G44: =IFERROR(IF(INDEX(Schedule!$K$45:$Z$45,1,MATCH($C$2,Schedule!$K$2:$Z$2,0))<>"",INDEX(Schedule!$K$45:$Z$45,1,MATCH($C$2,Schedule!$K$2:$Z$2,0)),""),"") | H44: =IFERROR(IF(INDEX(Schedule!$K$46:$Z$46,1,MATCH($C$2,Schedule!$K$2:$Z$2,0))<>"",INDEX(Schedule!$K$46:$Z$46,1,MATCH($C$2,Schedule!$K$2:$Z$2,0)),""),"") -> Night
B45: 6 | C45: 7 | D45: 8 | E45: 9 | F45: 10 | G45: 11 | H45: 12
B46: =IFERROR(IF(INDEX(Schedule!$K$47:$Z$47,1,MATCH($C$2,Schedule!$K$2:$Z$2,0))<>"",INDEX(Schedule!$K$47:$Z$47,1,MATCH($C$2,Schedule!$K$2:$Z$2,0)),""),"") -> Night | C46: =IFERROR(IF(INDEX(Schedule!$K$49:$Z$49,1,MATCH($C$2,Schedule!$K$2:$Z$2,0))<>"",INDEX(Schedule!$K$49:$Z$49,1,MATCH($C$2,Schedule!$K$2:$Z$2,0)),""),"") -> Night | D46: =IFERROR(IF(INDEX(Schedule!$K$50:$Z$50,1,MATCH($C$2,Schedule!$K$2:$Z$2,0))<>"",INDEX(Schedule!$K$50:$Z$50,1,MATCH($C$2,Schedule!$K$2:$Z$2,0)),""),"") | E46: =IFERROR(IF(INDEX(Schedule!$K$51:$Z$51,1,MATCH($C$2,Schedule!$K$2:$Z$2,0))<>"",INDEX(Schedule!$K$51:$Z$51,1,MATCH($C$2,Schedule!$K$2:$Z$2,0)),""),"") -> OFF | F46: =IFERROR(IF(INDEX(Schedule!$K$52:$Z$52,1,MATCH($C$2,Schedule!$K$2:$Z$2,0))<>"",INDEX(Schedule!$K$52:$Z$52,1,MATCH($C$2,Schedule!$K$2:$Z$2,0)),""),"") -> OFF | G46: =IFERROR(IF(INDEX(Schedule!$K$53:$Z$53,1,MATCH($C$2,Schedule!$K$2:$Z$2,0))<>"",INDEX(Schedule!$K$53:$Z$53,1,MATCH($C$2,Schedule!$K$2:$Z$2,0)),""),"") -> OFF | H46: =IFERROR(IF(INDEX(Schedule!$K$54:$Z$54,1,MATCH($C$2,Schedule!$K$2:$Z$2,0))<>"",INDEX(Schedule!$K$54:$Z$54,1,MATCH($C$2,Schedule!$K$2:$Z$2,0)),""),"") -> OFF
B47: 13 | C47: 14 | D47: 15 | E47: 16 | F47: 17 | G47: 18 | H47: 19
B48: =IFERROR(IF(INDEX(Schedule!$K$55:$Z$55,1,MATCH($C$2,Schedule!$K$2:$Z$2,0))<>"",INDEX(Schedule!$K$55:$Z$55,1,MATCH($C$2,Schedule!$K$2:$Z$2,0)),""),"") -> OFF | C48: =IFERROR(IF(INDEX(Schedule!$K$56:$Z$56,1,MATCH($C$2,Schedule!$K$2:$Z$2,0))<>"",INDEX(Schedule!$K$56:$Z$56,1,MATCH($C$2,Schedule!$K$2:$Z$2,0)),""),"") | D48: =IFERROR(IF(INDEX(Schedule!$K$57:$Z$57,1,MATCH($C$2,Schedule!$K$2:$Z$2,0))<>"",INDEX(Schedule!$K$57:$Z$57,1,MATCH($C$2,Schedule!$K$2:$Z$2,0)),""),"") -> Day | E48: =IFERROR(IF(INDEX(Schedule!$K$58:$Z$58,1,MATCH($C$2,Schedule!$K$2:$Z$2,0))<>"",INDEX(Schedule!$K$58:$Z$58,1,MATCH($C$2,Schedule!$K$2:$Z$2,0)),""),"") -> Day | F48: =IFERROR(IF(INDEX(Schedule!$K$59:$Z$59,1,MATCH($C$2,Schedule!$K$2:$Z$2,0))<>"",INDEX(Schedule!$K$59:$Z$59,1,MATCH($C$2,Schedule!$K$2:$Z$2,0)),""),"") -> Day | G48: =IFERROR(IF(INDEX(Schedule!$K$60:$Z$60,1,MATCH($C$2,Schedule!$K$2:$Z$2,0))<>"",INDEX(Schedule!$K$60:$Z$60,1,MATCH($C$2,Schedule!$K$2:$Z$2,0)),""),"") -> Day | H48: =IFERROR(IF(INDEX(Schedule!$K$61:$Z$61,1,MATCH($C$2,Schedule!$K$2:$Z$2,0))<>"",INDEX(Schedule!$K$61:$Z$61,1,MATCH($C$2,Schedule!$K$2:$Z$2,0)),""),"")
B49: 20 | C49: 21 | D49: 22 | E49: 23 | F49: 24 | G49: 25 | H49: 26
B50: =IFERROR(IF(INDEX(Schedule!$K$62:$Z$62,1,MATCH($C$2,Schedule!$K$2:$Z$2,0))<>"",INDEX(Schedule!$K$62:$Z$62,1,MATCH($C$2,Schedule!$K$2:$Z$2,0)),""),"") | C50: =IFERROR(IF(INDEX(Schedule!$K$64:$Z$64,1,MATCH($C$2,Schedule!$K$2:$Z$2,0))<>"",INDEX(Schedule!$K$64:$Z$64,1,MATCH($C$2,Schedule!$K$2:$Z$2,0)),""),"") | D50: =IFERROR(IF(INDEX(Schedule!$K$65:$Z$65,1,MATCH($C$2,Schedule!$K$2:$Z$2,0))<>"",INDEX(Schedule!$K$65:$Z$65,1,MATCH($C$2,Schedule!$K$2:$Z$2,0)),""),"") -> Day | E50: =IFERROR(IF(INDEX(Schedule!$K$66:$Z$66,1,MATCH($C$2,Schedule!$K$2:$Z$2,0))<>"",INDEX(Schedule!$K$66:$Z$66,1,MATCH($C$2,Schedule!$K$2:$Z$2,0)),""),"") | F50: =IFERROR(IF(INDEX(Schedule!$K$67:$Z$67,1,MATCH($C$2,Schedule!$K$2:$Z$2,0))<>"",INDEX(Schedule!$K$67:$Z$67,1,MATCH($C$2,Schedule!$K$2:$Z$2,0)),""),"") -> OFF | G50: =IFERROR(IF(INDEX(Schedule!$K$68:$Z$68,1,MATCH($C$2,Schedule!$K$2:$Z$2,0))<>"",INDEX(Schedule!$K$68:$Z$68,1,MATCH($C$2,Schedule!$K$2:$Z$2,0)),""),"") -> OFF | H50: =IFERROR(IF(INDEX(Schedule!$K$69:$Z$69,1,MATCH($C$2,Schedule!$K$2:$Z$2,0))<>"",INDEX(Schedule!$K$69:$Z$69,1,MATCH($C$2,Schedule!$K$2:$Z$2,0)),""),"") -> Day
B51: 27 | C51: 28 | D51: 29 | E51: 30 | F51: 31
B52: =IFERROR(IF(INDEX(Schedule!$K$70:$Z$70,1,MATCH($C$2,Schedule!$K$2:$Z$2,0))<>"",INDEX(Schedule!$K$70:$Z$70,1,MATCH($C$2,Schedule!$K$2:$Z$2,0)),""),"") -> Day | C52: =IFERROR(IF(INDEX(Schedule!$K$71:$Z$71,1,MATCH($C$2,Schedule!$K$2:$Z$2,0))<>"",INDEX(Schedule!$K$71:$Z$71,1,MATCH($C$2,Schedule!$K$2:$Z$2,0)),""),"") | D52: =IFERROR(IF(INDEX(Schedule!$K$72:$Z$72,1,MATCH($C$2,Schedule!$K$2:$Z$2,0))<>"",INDEX(Schedule!$K$72:$Z$72,1,MATCH($C$2,Schedule!$K$2:$Z$2,0)),""),"") | E52: =IFERROR(IF(INDEX(Schedule!$K$73:$Z$73,1,MATCH($C$2,Schedule!$K$2:$Z$2,0))<>"",INDEX(Schedule!$K$73:$Z$73,1,MATCH($C$2,Schedule!$K$2:$Z$2,0)),""),"") -> Night | F52: =IFERROR(IF(INDEX(Schedule!$K$74:$Z$74,1,MATCH($C$2,Schedule!$K$2:$Z$2,0))<>"",INDEX(Schedule!$K$74:$Z$74,1,MATCH($C$2,Schedule!$K$2:$Z$2,0)),""),"") -> Night
B54: January 2027
B55: Sun | C55: Mon | D55: Tue | E55: Wed | F55: Thu | G55: Fri | H55: Sat
G56: 1 | H56: 2
G57: =IFERROR(IF(INDEX(Schedule!$K$75:$Z$75,1,MATCH($C$2,Schedule!$K$2:$Z$2,0))<>"",INDEX(Schedule!$K$75:$Z$75,1,MATCH($C$2,Schedule!$K$2:$Z$2,0)),""),"") -> Night | H57: =IFERROR(IF(INDEX(Schedule!$K$76:$Z$76,1,MATCH($C$2,Schedule!$K$2:$Z$2,0))<>"",INDEX(Schedule!$K$76:$Z$76,1,MATCH($C$2,Schedule!$K$2:$Z$2,0)),""),"")
B58: 3 | C58: 4 | D58: 5 | E58: 6 | F58: 7 | G58: 8 | H58: 9
B59: =IFERROR(IF(INDEX(Schedule!$K$77:$Z$77,1,MATCH($C$2,Schedule!$K$2:$Z$2,0))<>"",INDEX(Schedule!$K$77:$Z$77,1,MATCH($C$2,Schedule!$K$2:$Z$2,0)),""),"") | C59: =IFERROR(IF(INDEX(Schedule!$K$79:$Z$79,1,MATCH($C$2,Schedule!$K$2:$Z$2,0))<>"",INDEX(Schedule!$K$79:$Z$79,1,MATCH($C$2,Schedule!$K$2:$Z$2,0)),""),"") -> Day | D59: =IFERROR(IF(INDEX(Schedule!$K$80:$Z$80,1,MATCH($C$2,Schedule!$K$2:$Z$2,0))<>"",INDEX(Schedule!$K$80:$Z$80,1,MATCH($C$2,Schedule!$K$2:$Z$2,0)),""),"") -> Day | E59: =IFERROR(IF(INDEX(Schedule!$K$81:$Z$81,1,MATCH($C$2,Schedule!$K$2:$Z$2,0))<>"",INDEX(Schedule!$K$81:$Z$81,1,MATCH($C$2,Schedule!$K$2:$Z$2,0)),""),"") | F59: =IFERROR(IF(INDEX(Schedule!$K$82:$Z$82,1,MATCH($C$2,Schedule!$K$2:$Z$2,0))<>"",INDEX(Schedule!$K$82:$Z$82,1,MATCH($C$2,Schedule!$K$2:$Z$2,0)),""),"") | G59: =IFERROR(IF(INDEX(Schedule!$K$83:$Z$83,1,MATCH($C$2,Schedule!$K$2:$Z$2,0))<>"",INDEX(Schedule!$K$83:$Z$83,1,MATCH($C$2,Schedule!$K$2:$Z$2,0)),""),"") -> Day | H59: =IFERROR(IF(INDEX(Schedule!$K$84:$Z$84,1,MATCH($C$2,Schedule!$K$2:$Z$2,0))<>"",INDEX(Schedule!$K$84:$Z$84,1,MATCH($C$2,Schedule!$K$2:$Z$2,0)),""),"")
B60: 10 | C60: 11 | D60: 12 | E60: 13 | F60: 14 | G60: 15 | H60: 16
B61: =IFERROR(IF(INDEX(Schedule!$K$85:$Z$85,1,MATCH($C$2,Schedule!$K$2:$Z$2,0))<>"",INDEX(Schedule!$K$85:$Z$85,1,MATCH($C$2,Schedule!$K$2:$Z$2,0)),""),"") | C61: =IFERROR(IF(INDEX(Schedule!$K$86:$Z$86,1,MATCH($C$2,Schedule!$K$2:$Z$2,0))<>"",INDEX(Schedule!$K$86:$Z$86,1,MATCH($C$2,Schedule!$K$2:$Z$2,0)),""),"") | D61: =IFERROR(IF(INDEX(Schedule!$K$87:$Z$87,1,MATCH($C$2,Schedule!$K$2:$Z$2,0))<>"",INDEX(Schedule!$K$87:$Z$87,1,MATCH($C$2,Schedule!$K$2:$Z$2,0)),""),"") | E61: =IFERROR(IF(INDEX(Schedule!$K$88:$Z$88,1,MATCH($C$2,Schedule!$K$2:$Z$2,0))<>"",INDEX(Schedule!$K$88:$Z$88,1,MATCH($C$2,Schedule!$K$2:$Z$2,0)),""),"") -> Day | F61: =IFERROR(IF(INDEX(Schedule!$K$89:$Z$89,1,MATCH($C$2,Schedule!$K$2:$Z$2,0))<>"",INDEX(Schedule!$K$89:$Z$89,1,MATCH($C$2,Schedule!$K$2:$Z$2,0)),""),"") | G61: =IFERROR(IF(INDEX(Schedule!$K$90:$Z$90,1,MATCH($C$2,Schedule!$K$2:$Z$2,0))<>"",INDEX(Schedule!$K$90:$Z$90,1,MATCH($C$2,Schedule!$K$2:$Z$2,0)),""),"") -> Day | H61: =IFERROR(IF(INDEX(Schedule!$K$91:$Z$91,1,MATCH($C$2,Schedule!$K$2:$Z$2,0))<>"",INDEX(Schedule!$K$91:$Z$91,1,MATCH($C$2,Schedule!$K$2:$Z$2,0)),""),"")
B62: 17 | C62: 18 | D62: 19 | E62: 20 | F62: 21 | G62: 22 | H62: 23
B63: =IFERROR(IF(INDEX(Schedule!$K$92:$Z$92,1,MATCH($C$2,Schedule!$K$2:$Z$2,0))<>"",INDEX(Schedule!$K$92:$Z$92,1,MATCH($C$2,Schedule!$K$2:$Z$2,0)),""),"") -> Day | C63: =IFERROR(IF(INDEX(Schedule!$K$94:$Z$94,1,MATCH($C$2,Schedule!$K$2:$Z$2,0))<>"",INDEX(Schedule!$K$94:$Z$94,1,MATCH($C$2,Schedule!$K$2:$Z$2,0)),""),"") | D63: =IFERROR(IF(INDEX(Schedule!$K$95:$Z$95,1,MATCH($C$2,Schedule!$K$2:$Z$2,0))<>"",INDEX(Schedule!$K$95:$Z$95,1,MATCH($C$2,Schedule!$K$2:$Z$2,0)),""),"") | E63: =IFERROR(IF(INDEX(Schedule!$K$96:$Z$96,1,MATCH($C$2,Schedule!$K$2:$Z$2,0))<>"",INDEX(Schedule!$K$96:$Z$96,1,MATCH($C$2,Schedule!$K$2:$Z$2,0)),""),"") | F63: =IFERROR(IF(INDEX(Schedule!$K$97:$Z$97,1,MATCH($C$2,Schedule!$K$2:$Z$2,0))<>"",INDEX(Schedule!$K$97:$Z$97,1,MATCH($C$2,Schedule!$K$2:$Z$2,0)),""),"") -> Night | G63: =IFERROR(IF(INDEX(Schedule!$K$98:$Z$98,1,MATCH($C$2,Schedule!$K$2:$Z$2,0))<>"",INDEX(Schedule!$K$98:$Z$98,1,MATCH($C$2,Schedule!$K$2:$Z$2,0)),""),"") -> Night | H63: =IFERROR(IF(INDEX(Schedule!$K$99:$Z$99,1,MATCH($C$2,Schedule!$K$2:$Z$2,0))<>"",INDEX(Schedule!$K$99:$Z$99,1,MATCH($C$2,Schedule!$K$2:$Z$2,0)),""),"")
B64: 24 | C64: 25 | D64: 26 | E64: 27 | F64: 28 | G64: 29 | H64: 30
B65: =IFERROR(IF(INDEX(Schedule!$K$100:$Z$100,1,MATCH($C$2,Schedule!$K$2:$Z$2,0))<>"",INDEX(Schedule!$K$100:$Z$100,1,MATCH($C$2,Schedule!$K$2:$Z$2,0)),""),"") | C65: =IFERROR(IF(INDEX(Schedule!$K$101:$Z$101,1,MATCH($C$2,Schedule!$K$2:$Z$2,0))<>"",INDEX(Schedule!$K$101:$Z$101,1,MATCH($C$2,Schedule!$K$2:$Z$2,0)),""),"") | D65: =IFERROR(IF(INDEX(Schedule!$K$102:$Z$102,1,MATCH($C$2,Schedule!$K$2:$Z$2,0))<>"",INDEX(Schedule!$K$102:$Z$102,1,MATCH($C$2,Schedule!$K$2:$Z$2,0)),""),"") -> Day | E65: =IFERROR(IF(INDEX(Schedule!$K$103:$Z$103,1,MATCH($C$2,Schedule!$K$2:$Z$2,0))<>"",INDEX(Schedule!$K$103:$Z$103,1,MATCH($C$2,Schedule!$K$2:$Z$2,0)),""),"") -> Day | F65: =IFERROR(IF(INDEX(Schedule!$K$104:$Z$104,1,MATCH($C$2,Schedule!$K$2:$Z$2,0))<>"",INDEX(Schedule!$K$104:$Z$104,1,MATCH($C$2,Schedule!$K$2:$Z$2,0)),""),"") -> Day | G65: =IFERROR(IF(INDEX(Schedule!$K$105:$Z$105,1,MATCH($C$2,Schedule!$K$2:$Z$2,0))<>"",INDEX(Schedule!$K$105:$Z$105,1,MATCH($C$2,Schedule!$K$2:$Z$2,0)),""),"") -> OFF | H65: =IFERROR(IF(INDEX(Schedule!$K$106:$Z$106,1,MATCH($C$2,Schedule!$K$2:$Z$2,0))<>"",INDEX(Schedule!$K$106:$Z$106,1,MATCH($C$2,Schedule!$K$2:$Z$2,0)),""),"") -> OFF
B66: 31
B67: =IFERROR(IF(INDEX(Schedule!$K$107:$Z$107,1,MATCH($C$2,Schedule!$K$2:$Z$2,0))<>"",INDEX(Schedule!$K$107:$Z$107,1,MATCH($C$2,Schedule!$K$2:$Z$2,0)),""),"") -> OFF
B69: APP1 / APP2 / APP 3 = day shift · Night = night shift · CME = conference · OFF = vacation / day off
B70: Dotted amber cell = fewer than 3 day workers that day · dotted red = night shift unfilled
B71: Select staff member in cell C2 to change the view

Sheet Summary
A1: SCHEDULE SUMMARY · Oct 26 – Jan 31, 2027 | S1: 6 | T1: 5 | U1: 6 | V1: 4 | W1: 5 | X1: 4 | Y1: 4 | Z1: 6 | AA1: 0 | AB1: 6 | AC1: 0 | AD1: 0 | AE1: 0 | AF1: 0 | AG1: 0 | AH1: 0
A2: Overview | S2: 6 | T2: 5 | U2: 6 | V2: 5 | W2: 5 | X2: 5 | Y2: 5 | Z2: 5 | AA2: 0 | AB2: 5 | AC2: 0 | AD2: 0 | AE2: 0 | AF2: 0 | AG2: 0 | AH2: 0
B3: Katie | C3: Hayden | D3: John | E3: Maureen | F3: Mandie | G3: Caroline | H3: Kristin | I3: Radha | J3: Jamie | K3: Todd | L3: Matt | M3: Jen | N3: Kennedy | O3: Preet | P3: Rose | Q3: Katia | S3: 6 | T3: 6 | U3: 6 | V3: 6 | W3: 6 | X3: 4 | Y3: 6 | Z3: 6 | AA3: 0 | AB3: 5 | AC3: 0 | AD3: 0 | AE3: 0 | AF3: 0 | AG3: 0 | AH3: 0
A4: Scheduled Shifts | B4: =COUNTIF(Schedule!$K:$K,"Day")+COUNTIF(Schedule!$K:$K,"Night")+COUNTIF(Schedule!$K:$K,"FC3")+COUNTIF(Schedule!$K:$K,"FC3 Night") -> 40 | C4: =COUNTIF(Schedule!$L:$L,"Day")+COUNTIF(Schedule!$L:$L,"Night")+COUNTIF(Schedule!$L:$L,"FC3")+COUNTIF(Schedule!$L:$L,"FC3 Night") -> 39 | D4: =COUNTIF(Schedule!$M:$M,"Day")+COUNTIF(Schedule!$M:$M,"Night")+COUNTIF(Schedule!$M:$M,"FC3")+COUNTIF(Schedule!$M:$M,"FC3 Night") -> 40 | E4: =COUNTIF(Schedule!$N:$N,"Day")+COUNTIF(Schedule!$N:$N,"Night")+COUNTIF(Schedule!$N:$N,"FC3")+COUNTIF(Schedule!$N:$N,"FC3 Night") -> 37 | F4: =COUNTIF(Schedule!$O:$O,"Day")+COUNTIF(Schedule!$O:$O,"Night")+COUNTIF(Schedule!$O:$O,"FC3")+COUNTIF(Schedule!$O:$O,"FC3 Night") -> 37 | G4: =COUNTIF(Schedule!$P:$P,"Day")+COUNTIF(Schedule!$P:$P,"Night")+COUNTIF(Schedule!$P:$P,"FC3")+COUNTIF(Schedule!$P:$P,"FC3 Night") -> 35 | H4: =COUNTIF(Schedule!$Q:$Q,"Day")+COUNTIF(Schedule!$Q:$Q,"Night")+COUNTIF(Schedule!$Q:$Q,"FC3")+COUNTIF(Schedule!$Q:$Q,"FC3 Night") -> 39 | I4: =COUNTIF(Schedule!$R:$R,"Day")+COUNTIF(Schedule!$R:$R,"Night")+COUNTIF(Schedule!$R:$R,"FC3")+COUNTIF(Schedule!$R:$R,"FC3 Night") -> 37 | J4: =COUNTIF(Schedule!$S:$S,"Day")+COUNTIF(Schedule!$S:$S,"Night")+COUNTIF(Schedule!$S:$S,"FC3")+COUNTIF(Schedule!$S:$S,"FC3 Night") -> 17 | K4: =COUNTIF(Schedule!$T:$T,"Day")+COUNTIF(Schedule!$T:$T,"Night")+COUNTIF(Schedule!$T:$T,"FC3")+COUNTIF(Schedule!$T:$T,"FC3 Night") -> 38 | L4: =COUNTIF(Schedule!$U:$U,"Day")+COUNTIF(Schedule!$U:$U,"Night")+COUNTIF(Schedule!$U:$U,"FC3")+COUNTIF(Schedule!$U:$U,"FC3 Night") -> 0 | M4: =COUNTIF(Schedule!$V:$V,"Day")+COUNTIF(Schedule!$V:$V,"Night")+COUNTIF(Schedule!$V:$V,"FC3")+COUNTIF(Schedule!$V:$V,"FC3 Night") -> 0 | N4: =COUNTIF(Schedule!$W:$W,"Day")+COUNTIF(Schedule!$W:$W,"Night")+COUNTIF(Schedule!$W:$W,"FC3")+COUNTIF(Schedule!$W:$W,"FC3 Night") -> 0 | O4: =COUNTIF(Schedule!$X:$X,"Day")+COUNTIF(Schedule!$X:$X,"Night")+COUNTIF(Schedule!$X:$X,"FC3")+COUNTIF(Schedule!$X:$X,"FC3 Night") -> 0 | P4: =COUNTIF(Schedule!$Y:$Y,"Day")+COUNTIF(Schedule!$Y:$Y,"Night")+COUNTIF(Schedule!$Y:$Y,"FC3")+COUNTIF(Schedule!$Y:$Y,"FC3 Night") -> 0 | Q4: =COUNTIF(Schedule!$Z:$Z,"Day")+COUNTIF(Schedule!$Z:$Z,"Night")+COUNTIF(Schedule!$Z:$Z,"FC3")+COUNTIF(Schedule!$Z:$Z,"FC3 Night") -> 0 | S4: 5 | T4: 6 | U4: 6 | V4: 6 | W4: 6 | X4: 6 | Y4: 6 | Z4: 6 | AA4: 0 | AB4: 6 | AC4: 0 | AD4: 0 | AE4: 0 | AF4: 0 | AG4: 0 | AH4: 0
A5: Credited Days (CME/Conf) | B5: 0 | C5: 1 | D5: 0 | E5: 3 | F5: 1 | G5: 2 | H5: 3 | I5: 0 | J5: 0 | K5: 1 | L5: 0 | M5: 0 | N5: 0 | O5: 0 | P5: 0 | Q5: 0 | S5: 6 | T5: 5 | U5: 6 | V5: 4 | W5: 4 | X5: 4 | Y5: 6 | Z5: 5 | AA5: 5 | AB5: 6 | AC5: 0 | AD5: 0 | AE5: 0 | AF5: 0 | AG5: 0 | AH5: 0
A6: Total incl. Credited | B6: =COUNTIF(Schedule!$K:$K,"Day")+COUNTIF(Schedule!$K:$K,"Night")+COUNTIF(Schedule!$K:$K,"FC3")+COUNTIF(Schedule!$K:$K,"FC3 Night")+0 -> 40 | C6: =COUNTIF(Schedule!$L:$L,"Day")+COUNTIF(Schedule!$L:$L,"Night")+COUNTIF(Schedule!$L:$L,"FC3")+COUNTIF(Schedule!$L:$L,"FC3 Night")+1 -> 40 | D6: =COUNTIF(Schedule!$M:$M,"Day")+COUNTIF(Schedule!$M:$M,"Night")+COUNTIF(Schedule!$M:$M,"FC3")+COUNTIF(Schedule!$M:$M,"FC3 Night")+0 -> 40 | E6: =COUNTIF(Schedule!$N:$N,"Day")+COUNTIF(Schedule!$N:$N,"Night")+COUNTIF(Schedule!$N:$N,"FC3")+COUNTIF(Schedule!$N:$N,"FC3 Night")+3 -> 40 | F6: =COUNTIF(Schedule!$O:$O,"Day")+COUNTIF(Schedule!$O:$O,"Night")+COUNTIF(Schedule!$O:$O,"FC3")+COUNTIF(Schedule!$O:$O,"FC3 Night")+1 -> 38 | G6: =COUNTIF(Schedule!$P:$P,"Day")+COUNTIF(Schedule!$P:$P,"Night")+COUNTIF(Schedule!$P:$P,"FC3")+COUNTIF(Schedule!$P:$P,"FC3 Night")+2 -> 37 | H6: =COUNTIF(Schedule!$Q:$Q,"Day")+COUNTIF(Schedule!$Q:$Q,"Night")+COUNTIF(Schedule!$Q:$Q,"FC3")+COUNTIF(Schedule!$Q:$Q,"FC3 Night")+3 -> 42 | I6: =COUNTIF(Schedule!$R:$R,"Day")+COUNTIF(Schedule!$R:$R,"Night")+COUNTIF(Schedule!$R:$R,"FC3")+COUNTIF(Schedule!$R:$R,"FC3 Night")+0 -> 37 | J6: =COUNTIF(Schedule!$S:$S,"Day")+COUNTIF(Schedule!$S:$S,"Night")+COUNTIF(Schedule!$S:$S,"FC3")+COUNTIF(Schedule!$S:$S,"FC3 Night")+0 -> 17 | K6: =COUNTIF(Schedule!$T:$T,"Day")+COUNTIF(Schedule!$T:$T,"Night")+COUNTIF(Schedule!$T:$T,"FC3")+COUNTIF(Schedule!$T:$T,"FC3 Night")+1 -> 39 | L6: =COUNTIF(Schedule!$U:$U,"Day")+COUNTIF(Schedule!$U:$U,"Night")+COUNTIF(Schedule!$U:$U,"FC3")+COUNTIF(Schedule!$U:$U,"FC3 Night")+0 -> 0 | M6: =COUNTIF(Schedule!$V:$V,"Day")+COUNTIF(Schedule!$V:$V,"Night")+COUNTIF(Schedule!$V:$V,"FC3")+COUNTIF(Schedule!$V:$V,"FC3 Night")+0 -> 0 | N6: =COUNTIF(Schedule!$W:$W,"Day")+COUNTIF(Schedule!$W:$W,"Night")+COUNTIF(Schedule!$W:$W,"FC3")+COUNTIF(Schedule!$W:$W,"FC3 Night")+0 -> 0 | O6: =COUNTIF(Schedule!$X:$X,"Day")+COUNTIF(Schedule!$X:$X,"Night")+COUNTIF(Schedule!$X:$X,"FC3")+COUNTIF(Schedule!$X:$X,"FC3 Night")+0 -> 0 | P6: =COUNTIF(Schedule!$Y:$Y,"Day")+COUNTIF(Schedule!$Y:$Y,"Night")+COUNTIF(Schedule!$Y:$Y,"FC3")+COUNTIF(Schedule!$Y:$Y,"FC3 Night")+0 -> 0 | Q6: =COUNTIF(Schedule!$Z:$Z,"Day")+COUNTIF(Schedule!$Z:$Z,"Night")+COUNTIF(Schedule!$Z:$Z,"FC3")+COUNTIF(Schedule!$Z:$Z,"FC3 Night")+0 -> 0 | S6: 6 | T6: 6 | U6: 6 | V6: 6 | W6: 6 | X6: 6 | Y6: 6 | Z6: 6 | AA6: 6 | AB6: 6 | AC6: 0 | AD6: 0 | AE6: 0 | AF6: 0 | AG6: 0 | AH6: 0
A7: Night Shifts | B7: =COUNTIF(Schedule!$K:$K,"Night") -> 11 | C7: =COUNTIF(Schedule!$L:$L,"Night") -> 8 | D7: =COUNTIF(Schedule!$M:$M,"Night") -> 9 | E7: =COUNTIF(Schedule!$N:$N,"Night") -> 9 | F7: =COUNTIF(Schedule!$O:$O,"Night") -> 9 | G7: =COUNTIF(Schedule!$P:$P,"Night") -> 10 | H7: =COUNTIF(Schedule!$Q:$Q,"Night") -> 9 | I7: =COUNTIF(Schedule!$R:$R,"Night") -> 9 | J7: =COUNTIF(Schedule!$S:$S,"Night") -> 6 | K7: =COUNTIF(Schedule!$T:$T,"Night") -> 11 | L7: =COUNTIF(Schedule!$U:$U,"Night") -> 0 | M7: =COUNTIF(Schedule!$V:$V,"Night") -> 0 | N7: =COUNTIF(Schedule!$W:$W,"Night") -> 0 | O7: =COUNTIF(Schedule!$X:$X,"Night") -> 0 | P7: =COUNTIF(Schedule!$Y:$Y,"Night") -> 0 | Q7: =COUNTIF(Schedule!$Z:$Z,"Night") -> 0 | S7: 6 | T7: 6 | U7: 6 | V7: 6 | W7: 6 | X7: 6 | Y7: 6 | Z7: 3 | AA7: 6 | AB7: 6 | AC7: 0 | AD7: 0 | AE7: 0 | AF7: 0 | AG7: 0 | AH7: 0
A8: Weekend Shifts | B8: =SUMPRODUCT(((Schedule!$B$2:$B$200="Sat")+(Schedule!$B$2:$B$200="Sun"))*((Schedule!$K$2:$K$200="Day")+(Schedule!$K$2:$K$200="Night")+(Schedule!$K$2:$K$200="FC3")+(Schedule!$K$2:$K$200="FC3 Night")))+SUMPRODUCT((Schedule!$B$2:$B$200="Fri")*(Schedule!$K$2:$K$200="Night")) -> 11 | C8: =SUMPRODUCT(((Schedule!$B$2:$B$200="Sat")+(Schedule!$B$2:$B$200="Sun"))*((Schedule!$L$2:$L$200="Day")+(Schedule!$L$2:$L$200="Night")+(Schedule!$L$2:$L$200="FC3")+(Schedule!$L$2:$L$200="FC3 Night")))+SUMPRODUCT((Schedule!$B$2:$B$200="Fri")*(Schedule!$L$2:$L$200="Night")) -> 11 | D8: =SUMPRODUCT(((Schedule!$B$2:$B$200="Sat")+(Schedule!$B$2:$B$200="Sun"))*((Schedule!$M$2:$M$200="Day")+(Schedule!$M$2:$M$200="Night")+(Schedule!$M$2:$M$200="FC3")+(Schedule!$M$2:$M$200="FC3 Night")))+SUMPRODUCT((Schedule!$B$2:$B$200="Fri")*(Schedule!$M$2:$M$200="Night")) -> 11 | E8: =SUMPRODUCT(((Schedule!$B$2:$B$200="Sat")+(Schedule!$B$2:$B$200="Sun"))*((Schedule!$N$2:$N$200="Day")+(Schedule!$N$2:$N$200="Night")+(Schedule!$N$2:$N$200="FC3")+(Schedule!$N$2:$N$200="FC3 Night")))+SUMPRODUCT((Schedule!$B$2:$B$200="Fri")*(Schedule!$N$2:$N$200="Night")) -> 11 | F8: =SUMPRODUCT(((Schedule!$B$2:$B$200="Sat")+(Schedule!$B$2:$B$200="Sun"))*((Schedule!$O$2:$O$200="Day")+(Schedule!$O$2:$O$200="Night")+(Schedule!$O$2:$O$200="FC3")+(Schedule!$O$2:$O$200="FC3 Night")))+SUMPRODUCT((Schedule!$B$2:$B$200="Fri")*(Schedule!$O$2:$O$200="Night")) -> 12 | G8: =SUMPRODUCT(((Schedule!$B$2:$B$200="Sat")+(Schedule!$B$2:$B$200="Sun"))*((Schedule!$P$2:$P$200="Day")+(Schedule!$P$2:$P$200="Night")+(Schedule!$P$2:$P$200="FC3")+(Schedule!$P$2:$P$200="FC3 Night")))+SUMPRODUCT((Schedule!$B$2:$B$200="Fri")*(Schedule!$P$2:$P$200="Night")) -> 11 | H8: =SUMPRODUCT(((Schedule!$B$2:$B$200="Sat")+(Schedule!$B$2:$B$200="Sun"))*((Schedule!$Q$2:$Q$200="Day")+(Schedule!$Q$2:$Q$200="Night")+(Schedule!$Q$2:$Q$200="FC3")+(Schedule!$Q$2:$Q$200="FC3 Night")))+SUMPRODUCT((Schedule!$B$2:$B$200="Fri")*(Schedule!$Q$2:$Q$200="Night")) -> 11 | I8: =SUMPRODUCT(((Schedule!$B$2:$B$200="Sat")+(Schedule!$B$2:$B$200="Sun"))*((Schedule!$R$2:$R$200="Day")+(Schedule!$R$2:$R$200="Night")+(Schedule!$R$2:$R$200="FC3")+(Schedule!$R$2:$R$200="FC3 Night")))+SUMPRODUCT((Schedule!$B$2:$B$200="Fri")*(Schedule!$R$2:$R$200="Night")) -> 12 | J8: =SUMPRODUCT(((Schedule!$B$2:$B$200="Sat")+(Schedule!$B$2:$B$200="Sun"))*((Schedule!$S$2:$S$200="Day")+(Schedule!$S$2:$S$200="Night")+(Schedule!$S$2:$S$200="FC3")+(Schedule!$S$2:$S$200="FC3 Night")))+SUMPRODUCT((Schedule!$B$2:$B$200="Fri")*(Schedule!$S$2:$S$200="Night")) -> 9 | K8: =SUMPRODUCT(((Schedule!$B$2:$B$200="Sat")+(Schedule!$B$2:$B$200="Sun"))*((Schedule!$T$2:$T$200="Day")+(Schedule!$T$2:$T$200="Night")+(Schedule!$T$2:$T$200="FC3")+(Schedule!$T$2:$T$200="FC3 Night")))+SUMPRODUCT((Schedule!$B$2:$B$200="Fri")*(Schedule!$T$2:$T$200="Night")) -> 12 | L8: =SUMPRODUCT(((Schedule!$B$2:$B$200="Sat")+(Schedule!$B$2:$B$200="Sun"))*((Schedule!$U$2:$U$200="Day")+(Schedule!$U$2:$U$200="Night")+(Schedule!$U$2:$U$200="FC3")+(Schedule!$U$2:$U$200="FC3 Night")))+SUMPRODUCT((Schedule!$B$2:$B$200="Fri")*(Schedule!$U$2:$U$200="Night")) -> 0 | M8: =SUMPRODUCT(((Schedule!$B$2:$B$200="Sat")+(Schedule!$B$2:$B$200="Sun"))*((Schedule!$V$2:$V$200="Day")+(Schedule!$V$2:$V$200="Night")+(Schedule!$V$2:$V$200="FC3")+(Schedule!$V$2:$V$200="FC3 Night")))+SUMPRODUCT((Schedule!$B$2:$B$200="Fri")*(Schedule!$V$2:$V$200="Night")) -> 0 | N8: =SUMPRODUCT(((Schedule!$B$2:$B$200="Sat")+(Schedule!$B$2:$B$200="Sun"))*((Schedule!$W$2:$W$200="Day")+(Schedule!$W$2:$W$200="Night")+(Schedule!$W$2:$W$200="FC3")+(Schedule!$W$2:$W$200="FC3 Night")))+SUMPRODUCT((Schedule!$B$2:$B$200="Fri")*(Schedule!$W$2:$W$200="Night")) -> 0 | O8: =SUMPRODUCT(((Schedule!$B$2:$B$200="Sat")+(Schedule!$B$2:$B$200="Sun"))*((Schedule!$X$2:$X$200="Day")+(Schedule!$X$2:$X$200="Night")+(Schedule!$X$2:$X$200="FC3")+(Schedule!$X$2:$X$200="FC3 Night")))+SUMPRODUCT((Schedule!$B$2:$B$200="Fri")*(Schedule!$X$2:$X$200="Night")) -> 0 | P8: =SUMPRODUCT(((Schedule!$B$2:$B$200="Sat")+(Schedule!$B$2:$B$200="Sun"))*((Schedule!$Y$2:$Y$200="Day")+(Schedule!$Y$2:$Y$200="Night")+(Schedule!$Y$2:$Y$200="FC3")+(Schedule!$Y$2:$Y$200="FC3 Night")))+SUMPRODUCT((Schedule!$B$2:$B$200="Fri")*(Schedule!$Y$2:$Y$200="Night")) -> 0 | Q8: =SUMPRODUCT(((Schedule!$B$2:$B$200="Sat")+(Schedule!$B$2:$B$200="Sun"))*((Schedule!$Z$2:$Z$200="Day")+(Schedule!$Z$2:$Z$200="Night")+(Schedule!$Z$2:$Z$200="FC3")+(Schedule!$Z$2:$Z$200="FC3 Night")))+SUMPRODUCT((Schedule!$B$2:$B$200="Fri")*(Schedule!$Z$2:$Z$200="Night")) -> 0 | S8: =COUNTIFS(Schedule!$C$2:$C$200,"PP1",Schedule!$D$2:$D$200,"Katie")+COUNTIFS(Schedule!$C$2:$C$200,"PP1",Schedule!$E$2:$E$200,"Katie")+COUNTIFS(Schedule!$C$2:$C$200,"PP1",Schedule!$F$2:$F$200,"Katie")+COUNTIFS(Schedule!$C$2:$C$200,"PP1",Schedule!$G$2:$G$200,"Katie")+COUNTIFS(Schedule!$C$2:$C$200,"PP1",Schedule!$H$2:$H$200,"Katie")+COUNTIFS(Schedule!$C$2:$C$200,"PP1",Schedule!$I$2:$I$200,"Katie")+COUNTIFS(Schedule!$C$2:$C$200,"PP1",Schedule!$J$2:$J$200,"Katie") -> 6 | T8: =COUNTIFS(Schedule!$C$2:$C$200,"PP1",Schedule!$D$2:$D$200,"Hayden")+COUNTIFS(Schedule!$C$2:$C$200,"PP1",Schedule!$E$2:$E$200,"Hayden")+COUNTIFS(Schedule!$C$2:$C$200,"PP1",Schedule!$F$2:$F$200,"Hayden")+COUNTIFS(Schedule!$C$2:$C$200,"PP1",Schedule!$G$2:$G$200,"Hayden")+COUNTIFS(Schedule!$C$2:$C$200,"PP1",Schedule!$H$2:$H$200,"Hayden")+COUNTIFS(Schedule!$C$2:$C$200,"PP1",Schedule!$I$2:$I$200,"Hayden")+COUNTIFS(Schedule!$C$2:$C$200,"PP1",Schedule!$J$2:$J$200,"Hayden") -> 5 | U8: =COUNTIFS(Schedule!$C$2:$C$200,"PP1",Schedule!$D$2:$D$200,"John")+COUNTIFS(Schedule!$C$2:$C$200,"PP1",Schedule!$E$2:$E$200,"John")+COUNTIFS(Schedule!$C$2:$C$200,"PP1",Schedule!$F$2:$F$200,"John")+COUNTIFS(Schedule!$C$2:$C$200,"PP1",Schedule!$G$2:$G$200,"John")+COUNTIFS(Schedule!$C$2:$C$200,"PP1",Schedule!$H$2:$H$200,"John")+COUNTIFS(Schedule!$C$2:$C$200,"PP1",Schedule!$I$2:$I$200,"John")+COUNTIFS(Schedule!$C$2:$C$200,"PP1",Schedule!$J$2:$J$200,"John") -> 6 | V8: =COUNTIFS(Schedule!$C$2:$C$200,"PP1",Schedule!$D$2:$D$200,"Maureen")+COUNTIFS(Schedule!$C$2:$C$200,"PP1",Schedule!$E$2:$E$200,"Maureen")+COUNTIFS(Schedule!$C$2:$C$200,"PP1",Schedule!$F$2:$F$200,"Maureen")+COUNTIFS(Schedule!$C$2:$C$200,"PP1",Schedule!$G$2:$G$200,"Maureen")+COUNTIFS(Schedule!$C$2:$C$200,"PP1",Schedule!$H$2:$H$200,"Maureen")+COUNTIFS(Schedule!$C$2:$C$200,"PP1",Schedule!$I$2:$I$200,"Maureen")+COUNTIFS(Schedule!$C$2:$C$200,"PP1",Schedule!$J$2:$J$200,"Maureen") -> 4 | W8: =COUNTIFS(Schedule!$C$2:$C$200,"PP1",Schedule!$D$2:$D$200,"Mandie")+COUNTIFS(Schedule!$C$2:$C$200,"PP1",Schedule!$E$2:$E$200,"Mandie")+COUNTIFS(Schedule!$C$2:$C$200,"PP1",Schedule!$F$2:$F$200,"Mandie")+COUNTIFS(Schedule!$C$2:$C$200,"PP1",Schedule!$G$2:$G$200,"Mandie")+COUNTIFS(Schedule!$C$2:$C$200,"PP1",Schedule!$H$2:$H$200,"Mandie")+COUNTIFS(Schedule!$C$2:$C$200,"PP1",Schedule!$I$2:$I$200,"Mandie")+COUNTIFS(Schedule!$C$2:$C$200,"PP1",Schedule!$J$2:$J$200,"Mandie") -> 5 | X8: =COUNTIFS(Schedule!$C$2:$C$200,"PP1",Schedule!$D$2:$D$200,"Caroline")+COUNTIFS(Schedule!$C$2:$C$200,"PP1",Schedule!$E$2:$E$200,"Caroline")+COUNTIFS(Schedule!$C$2:$C$200,"PP1",Schedule!$F$2:$F$200,"Caroline")+COUNTIFS(Schedule!$C$2:$C$200,"PP1",Schedule!$G$2:$G$200,"Caroline")+COUNTIFS(Schedule!$C$2:$C$200,"PP1",Schedule!$H$2:$H$200,"Caroline")+COUNTIFS(Schedule!$C$2:$C$200,"PP1",Schedule!$I$2:$I$200,"Caroline")+COUNTIFS(Schedule!$C$2:$C$200,"PP1",Schedule!$J$2:$J$200,"Caroline") -> 4 | Y8: =COUNTIFS(Schedule!$C$2:$C$200,"PP1",Schedule!$D$2:$D$200,"Kristin")+COUNTIFS(Schedule!$C$2:$C$200,"PP1",Schedule!$E$2:$E$200,"Kristin")+COUNTIFS(Schedule!$C$2:$C$200,"PP1",Schedule!$F$2:$F$200,"Kristin")+COUNTIFS(Schedule!$C$2:$C$200,"PP1",Schedule!$G$2:$G$200,"Kristin")+COUNTIFS(Schedule!$C$2:$C$200,"PP1",Schedule!$H$2:$H$200,"Kristin")+COUNTIFS(Schedule!$C$2:$C$200,"PP1",Schedule!$I$2:$I$200,"Kristin")+COUNTIFS(Schedule!$C$2:$C$200,"PP1",Schedule!$J$2:$J$200,"Kristin") -> 4 | Z8: =COUNTIFS(Schedule!$C$2:$C$200,"PP1",Schedule!$D$2:$D$200,"Radha")+COUNTIFS(Schedule!$C$2:$C$200,"PP1",Schedule!$E$2:$E$200,"Radha")+COUNTIFS(Schedule!$C$2:$C$200,"PP1",Schedule!$F$2:$F$200,"Radha")+COUNTIFS(Schedule!$C$2:$C$200,"PP1",Schedule!$G$2:$G$200,"Radha")+COUNTIFS(Schedule!$C$2:$C$200,"PP1",Schedule!$H$2:$H$200,"Radha")+COUNTIFS(Schedule!$C$2:$C$200,"PP1",Schedule!$I$2:$I$200,"Radha")+COUNTIFS(Schedule!$C$2:$C$200,"PP1",Schedule!$J$2:$J$200,"Radha") -> 6 | AA8: =COUNTIFS(Schedule!$C$2:$C$200,"PP1",Schedule!$D$2:$D$200,"Jamie")+COUNTIFS(Schedule!$C$2:$C$200,"PP1",Schedule!$E$2:$E$200,"Jamie")+COUNTIFS(Schedule!$C$2:$C$200,"PP1",Schedule!$F$2:$F$200,"Jamie")+COUNTIFS(Schedule!$C$2:$C$200,"PP1",Schedule!$G$2:$G$200,"Jamie")+COUNTIFS(Schedule!$C$2:$C$200,"PP1",Schedule!$H$2:$H$200,"Jamie")+COUNTIFS(Schedule!$C$2:$C$200,"PP1",Schedule!$I$2:$I$200,"Jamie")+COUNTIFS(Schedule!$C$2:$C$200,"PP1",Schedule!$J$2:$J$200,"Jamie") -> 0 | AB8: =COUNTIFS(Schedule!$C$2:$C$200,"PP1",Schedule!$D$2:$D$200,"Todd")+COUNTIFS(Schedule!$C$2:$C$200,"PP1",Schedule!$E$2:$E$200,"Todd")+COUNTIFS(Schedule!$C$2:$C$200,"PP1",Schedule!$F$2:$F$200,"Todd")+COUNTIFS(Schedule!$C$2:$C$200,"PP1",Schedule!$G$2:$G$200,"Todd")+COUNTIFS(Schedule!$C$2:$C$200,"PP1",Schedule!$H$2:$H$200,"Todd")+COUNTIFS(Schedule!$C$2:$C$200,"PP1",Schedule!$I$2:$I$200,"Todd")+COUNTIFS(Schedule!$C$2:$C$200,"PP1",Schedule!$J$2:$J$200,"Todd") -> 6 | AC8: =COUNTIFS(Schedule!$C$2:$C$200,"PP1",Schedule!$D$2:$D$200,"Matt")+COUNTIFS(Schedule!$C$2:$C$200,"PP1",Schedule!$E$2:$E$200,"Matt")+COUNTIFS(Schedule!$C$2:$C$200,"PP1",Schedule!$F$2:$F$200,"Matt")+COUNTIFS(Schedule!$C$2:$C$200,"PP1",Schedule!$G$2:$G$200,"Matt")+COUNTIFS(Schedule!$C$2:$C$200,"PP1",Schedule!$H$2:$H$200,"Matt")+COUNTIFS(Schedule!$C$2:$C$200,"PP1",Schedule!$I$2:$I$200,"Matt")+COUNTIFS(Schedule!$C$2:$C$200,"PP1",Schedule!$J$2:$J$200,"Matt") -> 0 | AD8: =COUNTIFS(Schedule!$C$2:$C$200,"PP1",Schedule!$D$2:$D$200,"Jen")+COUNTIFS(Schedule!$C$2:$C$200,"PP1",Schedule!$E$2:$E$200,"Jen")+COUNTIFS(Schedule!$C$2:$C$200,"PP1",Schedule!$F$2:$F$200,"Jen")+COUNTIFS(Schedule!$C$2:$C$200,"PP1",Schedule!$G$2:$G$200,"Jen")+COUNTIFS(Schedule!$C$2:$C$200,"PP1",Schedule!$H$2:$H$200,"Jen")+COUNTIFS(Schedule!$C$2:$C$200,"PP1",Schedule!$I$2:$I$200,"Jen")+COUNTIFS(Schedule!$C$2:$C$200,"PP1",Schedule!$J$2:$J$200,"Jen") -> 0 | AE8: =COUNTIFS(Schedule!$C$2:$C$200,"PP1",Schedule!$D$2:$D$200,"Kennedy")+COUNTIFS(Schedule!$C$2:$C$200,"PP1",Schedule!$E$2:$E$200,"Kennedy")+COUNTIFS(Schedule!$C$2:$C$200,"PP1",Schedule!$F$2:$F$200,"Kennedy")+COUNTIFS(Schedule!$C$2:$C$200,"PP1",Schedule!$G$2:$G$200,"Kennedy")+COUNTIFS(Schedule!$C$2:$C$200,"PP1",Schedule!$H$2:$H$200,"Kennedy")+COUNTIFS(Schedule!$C$2:$C$200,"PP1",Schedule!$I$2:$I$200,"Kennedy")+COUNTIFS(Schedule!$C$2:$C$200,"PP1",Schedule!$J$2:$J$200,"Kennedy") -> 0 | AF8: =COUNTIFS(Schedule!$C$2:$C$200,"PP1",Schedule!$D$2:$D$200,"Preet")+COUNTIFS(Schedule!$C$2:$C$200,"PP1",Schedule!$E$2:$E$200,"Preet")+COUNTIFS(Schedule!$C$2:$C$200,"PP1",Schedule!$F$2:$F$200,"Preet")+COUNTIFS(Schedule!$C$2:$C$200,"PP1",Schedule!$G$2:$G$200,"Preet")+COUNTIFS(Schedule!$C$2:$C$200,"PP1",Schedule!$H$2:$H$200,"Preet")+COUNTIFS(Schedule!$C$2:$C$200,"PP1",Schedule!$I$2:$I$200,"Preet")+COUNTIFS(Schedule!$C$2:$C$200,"PP1",Schedule!$J$2:$J$200,"Preet") -> 0 | AG8: =COUNTIFS(Schedule!$C$2:$C$200,"PP1",Schedule!$D$2:$D$200,"Rose")+COUNTIFS(Schedule!$C$2:$C$200,"PP1",Schedule!$E$2:$E$200,"Rose")+COUNTIFS(Schedule!$C$2:$C$200,"PP1",Schedule!$F$2:$F$200,"Rose")+COUNTIFS(Schedule!$C$2:$C$200,"PP1",Schedule!$G$2:$G$200,"Rose")+COUNTIFS(Schedule!$C$2:$C$200,"PP1",Schedule!$H$2:$H$200,"Rose")+COUNTIFS(Schedule!$C$2:$C$200,"PP1",Schedule!$I$2:$I$200,"Rose")+COUNTIFS(Schedule!$C$2:$C$200,"PP1",Schedule!$J$2:$J$200,"Rose") -> 0 | AH8: =COUNTIFS(Schedule!$C$2:$C$200,"PP1",Schedule!$D$2:$D$200,"Katia")+COUNTIFS(Schedule!$C$2:$C$200,"PP1",Schedule!$E$2:$E$200,"Katia")+COUNTIFS(Schedule!$C$2:$C$200,"PP1",Schedule!$F$2:$F$200,"Katia")+COUNTIFS(Schedule!$C$2:$C$200,"PP1",Schedule!$G$2:$G$200,"Katia")+COUNTIFS(Schedule!$C$2:$C$200,"PP1",Schedule!$H$2:$H$200,"Katia")+COUNTIFS(Schedule!$C$2:$C$200,"PP1",Schedule!$I$2:$I$200,"Katia")+COUNTIFS(Schedule!$C$2:$C$200,"PP1",Schedule!$J$2:$J$200,"Katia") -> 0
A9: Req. Off Days | B9: 17 | C9: 19 | D9: 15 | E9: 17 | F9: 26 | G9: 22 | H9: 16 | I9: 32 | J9: 61 | K9: 17 | L9: 0 | M9: 0 | N9: 0 | O9: 0 | P9: 0 | Q9: 0 | S9: =COUNTIFS(Schedule!$C$2:$C$200,"PP2",Schedule!$D$2:$D$200,"Katie")+COUNTIFS(Schedule!$C$2:$C$200,"PP2",Schedule!$E$2:$E$200,"Katie")+COUNTIFS(Schedule!$C$2:$C$200,"PP2",Schedule!$F$2:$F$200,"Katie")+COUNTIFS(Schedule!$C$2:$C$200,"PP2",Schedule!$G$2:$G$200,"Katie")+COUNTIFS(Schedule!$C$2:$C$200,"PP2",Schedule!$H$2:$H$200,"Katie")+COUNTIFS(Schedule!$C$2:$C$200,"PP2",Schedule!$I$2:$I$200,"Katie")+COUNTIFS(Schedule!$C$2:$C$200,"PP2",Schedule!$J$2:$J$200,"Katie") -> 6 | T9: =COUNTIFS(Schedule!$C$2:$C$200,"PP2",Schedule!$D$2:$D$200,"Hayden")+COUNTIFS(Schedule!$C$2:$C$200,"PP2",Schedule!$E$2:$E$200,"Hayden")+COUNTIFS(Schedule!$C$2:$C$200,"PP2",Schedule!$F$2:$F$200,"Hayden")+COUNTIFS(Schedule!$C$2:$C$200,"PP2",Schedule!$G$2:$G$200,"Hayden")+COUNTIFS(Schedule!$C$2:$C$200,"PP2",Schedule!$H$2:$H$200,"Hayden")+COUNTIFS(Schedule!$C$2:$C$200,"PP2",Schedule!$I$2:$I$200,"Hayden")+COUNTIFS(Schedule!$C$2:$C$200,"PP2",Schedule!$J$2:$J$200,"Hayden") -> 5 | U9: =COUNTIFS(Schedule!$C$2:$C$200,"PP2",Schedule!$D$2:$D$200,"John")+COUNTIFS(Schedule!$C$2:$C$200,"PP2",Schedule!$E$2:$E$200,"John")+COUNTIFS(Schedule!$C$2:$C$200,"PP2",Schedule!$F$2:$F$200,"John")+COUNTIFS(Schedule!$C$2:$C$200,"PP2",Schedule!$G$2:$G$200,"John")+COUNTIFS(Schedule!$C$2:$C$200,"PP2",Schedule!$H$2:$H$200,"John")+COUNTIFS(Schedule!$C$2:$C$200,"PP2",Schedule!$I$2:$I$200,"John")+COUNTIFS(Schedule!$C$2:$C$200,"PP2",Schedule!$J$2:$J$200,"John") -> 6 | V9: =COUNTIFS(Schedule!$C$2:$C$200,"PP2",Schedule!$D$2:$D$200,"Maureen")+COUNTIFS(Schedule!$C$2:$C$200,"PP2",Schedule!$E$2:$E$200,"Maureen")+COUNTIFS(Schedule!$C$2:$C$200,"PP2",Schedule!$F$2:$F$200,"Maureen")+COUNTIFS(Schedule!$C$2:$C$200,"PP2",Schedule!$G$2:$G$200,"Maureen")+COUNTIFS(Schedule!$C$2:$C$200,"PP2",Schedule!$H$2:$H$200,"Maureen")+COUNTIFS(Schedule!$C$2:$C$200,"PP2",Schedule!$I$2:$I$200,"Maureen")+COUNTIFS(Schedule!$C$2:$C$200,"PP2",Schedule!$J$2:$J$200,"Maureen") -> 5 | W9: =COUNTIFS(Schedule!$C$2:$C$200,"PP2",Schedule!$D$2:$D$200,"Mandie")+COUNTIFS(Schedule!$C$2:$C$200,"PP2",Schedule!$E$2:$E$200,"Mandie")+COUNTIFS(Schedule!$C$2:$C$200,"PP2",Schedule!$F$2:$F$200,"Mandie")+COUNTIFS(Schedule!$C$2:$C$200,"PP2",Schedule!$G$2:$G$200,"Mandie")+COUNTIFS(Schedule!$C$2:$C$200,"PP2",Schedule!$H$2:$H$200,"Mandie")+COUNTIFS(Schedule!$C$2:$C$200,"PP2",Schedule!$I$2:$I$200,"Mandie")+COUNTIFS(Schedule!$C$2:$C$200,"PP2",Schedule!$J$2:$J$200,"Mandie") -> 5 | X9: =COUNTIFS(Schedule!$C$2:$C$200,"PP2",Schedule!$D$2:$D$200,"Caroline")+COUNTIFS(Schedule!$C$2:$C$200,"PP2",Schedule!$E$2:$E$200,"Caroline")+COUNTIFS(Schedule!$C$2:$C$200,"PP2",Schedule!$F$2:$F$200,"Caroline")+COUNTIFS(Schedule!$C$2:$C$200,"PP2",Schedule!$G$2:$G$200,"Caroline")+COUNTIFS(Schedule!$C$2:$C$200,"PP2",Schedule!$H$2:$H$200,"Caroline")+COUNTIFS(Schedule!$C$2:$C$200,"PP2",Schedule!$I$2:$I$200,"Caroline")+COUNTIFS(Schedule!$C$2:$C$200,"PP2",Schedule!$J$2:$J$200,"Caroline") -> 6 | Y9: =COUNTIFS(Schedule!$C$2:$C$200,"PP2",Schedule!$D$2:$D$200,"Kristin")+COUNTIFS(Schedule!$C$2:$C$200,"PP2",Schedule!$E$2:$E$200,"Kristin")+COUNTIFS(Schedule!$C$2:$C$200,"PP2",Schedule!$F$2:$F$200,"Kristin")+COUNTIFS(Schedule!$C$2:$C$200,"PP2",Schedule!$G$2:$G$200,"Kristin")+COUNTIFS(Schedule!$C$2:$C$200,"PP2",Schedule!$H$2:$H$200,"Kristin")+COUNTIFS(Schedule!$C$2:$C$200,"PP2",Schedule!$I$2:$I$200,"Kristin")+COUNTIFS(Schedule!$C$2:$C$200,"PP2",Schedule!$J$2:$J$200,"Kristin") -> 5 | Z9: =COUNTIFS(Schedule!$C$2:$C$200,"PP2",Schedule!$D$2:$D$200,"Radha")+COUNTIFS(Schedule!$C$2:$C$200,"PP2",Schedule!$E$2:$E$200,"Radha")+COUNTIFS(Schedule!$C$2:$C$200,"PP2",Schedule!$F$2:$F$200,"Radha")+COUNTIFS(Schedule!$C$2:$C$200,"PP2",Schedule!$G$2:$G$200,"Radha")+COUNTIFS(Schedule!$C$2:$C$200,"PP2",Schedule!$H$2:$H$200,"Radha")+COUNTIFS(Schedule!$C$2:$C$200,"PP2",Schedule!$I$2:$I$200,"Radha")+COUNTIFS(Schedule!$C$2:$C$200,"PP2",Schedule!$J$2:$J$200,"Radha") -> 5 | AA9: =COUNTIFS(Schedule!$C$2:$C$200,"PP2",Schedule!$D$2:$D$200,"Jamie")+COUNTIFS(Schedule!$C$2:$C$200,"PP2",Schedule!$E$2:$E$200,"Jamie")+COUNTIFS(Schedule!$C$2:$C$200,"PP2",Schedule!$F$2:$F$200,"Jamie")+COUNTIFS(Schedule!$C$2:$C$200,"PP2",Schedule!$G$2:$G$200,"Jamie")+COUNTIFS(Schedule!$C$2:$C$200,"PP2",Schedule!$H$2:$H$200,"Jamie")+COUNTIFS(Schedule!$C$2:$C$200,"PP2",Schedule!$I$2:$I$200,"Jamie")+COUNTIFS(Schedule!$C$2:$C$200,"PP2",Schedule!$J$2:$J$200,"Jamie") -> 0 | AB9: =COUNTIFS(Schedule!$C$2:$C$200,"PP2",Schedule!$D$2:$D$200,"Todd")+COUNTIFS(Schedule!$C$2:$C$200,"PP2",Schedule!$E$2:$E$200,"Todd")+COUNTIFS(Schedule!$C$2:$C$200,"PP2",Schedule!$F$2:$F$200,"Todd")+COUNTIFS(Schedule!$C$2:$C$200,"PP2",Schedule!$G$2:$G$200,"Todd")+COUNTIFS(Schedule!$C$2:$C$200,"PP2",Schedule!$H$2:$H$200,"Todd")+COUNTIFS(Schedule!$C$2:$C$200,"PP2",Schedule!$I$2:$I$200,"Todd")+COUNTIFS(Schedule!$C$2:$C$200,"PP2",Schedule!$J$2:$J$200,"Todd") -> 5 | AC9: =COUNTIFS(Schedule!$C$2:$C$200,"PP2",Schedule!$D$2:$D$200,"Matt")+COUNTIFS(Schedule!$C$2:$C$200,"PP2",Schedule!$E$2:$E$200,"Matt")+COUNTIFS(Schedule!$C$2:$C$200,"PP2",Schedule!$F$2:$F$200,"Matt")+COUNTIFS(Schedule!$C$2:$C$200,"PP2",Schedule!$G$2:$G$200,"Matt")+COUNTIFS(Schedule!$C$2:$C$200,"PP2",Schedule!$H$2:$H$200,"Matt")+COUNTIFS(Schedule!$C$2:$C$200,"PP2",Schedule!$I$2:$I$200,"Matt")+COUNTIFS(Schedule!$C$2:$C$200,"PP2",Schedule!$J$2:$J$200,"Matt") -> 0 | AD9: =COUNTIFS(Schedule!$C$2:$C$200,"PP2",Schedule!$D$2:$D$200,"Jen")+COUNTIFS(Schedule!$C$2:$C$200,"PP2",Schedule!$E$2:$E$200,"Jen")+COUNTIFS(Schedule!$C$2:$C$200,"PP2",Schedule!$F$2:$F$200,"Jen")+COUNTIFS(Schedule!$C$2:$C$200,"PP2",Schedule!$G$2:$G$200,"Jen")+COUNTIFS(Schedule!$C$2:$C$200,"PP2",Schedule!$H$2:$H$200,"Jen")+COUNTIFS(Schedule!$C$2:$C$200,"PP2",Schedule!$I$2:$I$200,"Jen")+COUNTIFS(Schedule!$C$2:$C$200,"PP2",Schedule!$J$2:$J$200,"Jen") -> 0 | AE9: =COUNTIFS(Schedule!$C$2:$C$200,"PP2",Schedule!$D$2:$D$200,"Kennedy")+COUNTIFS(Schedule!$C$2:$C$200,"PP2",Schedule!$E$2:$E$200,"Kennedy")+COUNTIFS(Schedule!$C$2:$C$200,"PP2",Schedule!$F$2:$F$200,"Kennedy")+COUNTIFS(Schedule!$C$2:$C$200,"PP2",Schedule!$G$2:$G$200,"Kennedy")+COUNTIFS(Schedule!$C$2:$C$200,"PP2",Schedule!$H$2:$H$200,"Kennedy")+COUNTIFS(Schedule!$C$2:$C$200,"PP2",Schedule!$I$2:$I$200,"Kennedy")+COUNTIFS(Schedule!$C$2:$C$200,"PP2",Schedule!$J$2:$J$200,"Kennedy") -> 0 | AF9: =COUNTIFS(Schedule!$C$2:$C$200,"PP2",Schedule!$D$2:$D$200,"Preet")+COUNTIFS(Schedule!$C$2:$C$200,"PP2",Schedule!$E$2:$E$200,"Preet")+COUNTIFS(Schedule!$C$2:$C$200,"PP2",Schedule!$F$2:$F$200,"Preet")+COUNTIFS(Schedule!$C$2:$C$200,"PP2",Schedule!$G$2:$G$200,"Preet")+COUNTIFS(Schedule!$C$2:$C$200,"PP2",Schedule!$H$2:$H$200,"Preet")+COUNTIFS(Schedule!$C$2:$C$200,"PP2",Schedule!$I$2:$I$200,"Preet")+COUNTIFS(Schedule!$C$2:$C$200,"PP2",Schedule!$J$2:$J$200,"Preet") -> 0 | AG9: =COUNTIFS(Schedule!$C$2:$C$200,"PP2",Schedule!$D$2:$D$200,"Rose")+COUNTIFS(Schedule!$C$2:$C$200,"PP2",Schedule!$E$2:$E$200,"Rose")+COUNTIFS(Schedule!$C$2:$C$200,"PP2",Schedule!$F$2:$F$200,"Rose")+COUNTIFS(Schedule!$C$2:$C$200,"PP2",Schedule!$G$2:$G$200,"Rose")+COUNTIFS(Schedule!$C$2:$C$200,"PP2",Schedule!$H$2:$H$200,"Rose")+COUNTIFS(Schedule!$C$2:$C$200,"PP2",Schedule!$I$2:$I$200,"Rose")+COUNTIFS(Schedule!$C$2:$C$200,"PP2",Schedule!$J$2:$J$200,"Rose") -> 0 | AH9: =COUNTIFS(Schedule!$C$2:$C$200,"PP2",Schedule!$D$2:$D$200,"Katia")+COUNTIFS(Schedule!$C$2:$C$200,"PP2",Schedule!$E$2:$E$200,"Katia")+COUNTIFS(Schedule!$C$2:$C$200,"PP2",Schedule!$F$2:$F$200,"Katia")+COUNTIFS(Schedule!$C$2:$C$200,"PP2",Schedule!$G$2:$G$200,"Katia")+COUNTIFS(Schedule!$C$2:$C$200,"PP2",Schedule!$H$2:$H$200,"Katia")+COUNTIFS(Schedule!$C$2:$C$200,"PP2",Schedule!$I$2:$I$200,"Katia")+COUNTIFS(Schedule!$C$2:$C$200,"PP2",Schedule!$J$2:$J$200,"Katia") -> 0
A10: PTO Needed | B10: =MAX(COUNTIFS(Schedule!$C$2:$C$200,"PP1",Schedule!$K$2:$K$200,"PTO"),0)+MAX(COUNTIFS(Schedule!$C$2:$C$200,"PP2",Schedule!$K$2:$K$200,"PTO"),0)+MAX(COUNTIFS(Schedule!$C$2:$C$200,"PP3",Schedule!$K$2:$K$200,"PTO"),0)+MAX(COUNTIFS(Schedule!$C$2:$C$200,"PP4",Schedule!$K$2:$K$200,"PTO"),1)+MAX(COUNTIFS(Schedule!$C$2:$C$200,"PP5",Schedule!$K$2:$K$200,"PTO"),0)+MAX(COUNTIFS(Schedule!$C$2:$C$200,"PP6",Schedule!$K$2:$K$200,"PTO"),0)+MAX(COUNTIFS(Schedule!$C$2:$C$200,"PP7",Schedule!$K$2:$K$200,"PTO"),0) -> 1 | C10: =MAX(COUNTIFS(Schedule!$C$2:$C$200,"PP1",Schedule!$L$2:$L$200,"PTO"),1)+MAX(COUNTIFS(Schedule!$C$2:$C$200,"PP2",Schedule!$L$2:$L$200,"PTO"),0)+MAX(COUNTIFS(Schedule!$C$2:$C$200,"PP3",Schedule!$L$2:$L$200,"PTO"),0)+MAX(COUNTIFS(Schedule!$C$2:$C$200,"PP4",Schedule!$L$2:$L$200,"PTO"),0)+MAX(COUNTIFS(Schedule!$C$2:$C$200,"PP5",Schedule!$L$2:$L$200,"PTO"),1)+MAX(COUNTIFS(Schedule!$C$2:$C$200,"PP6",Schedule!$L$2:$L$200,"PTO"),0)+MAX(COUNTIFS(Schedule!$C$2:$C$200,"PP7",Schedule!$L$2:$L$200,"PTO"),0) -> 2 | D10: =MAX(COUNTIFS(Schedule!$C$2:$C$200,"PP1",Schedule!$M$2:$M$200,"PTO"),0)+MAX(COUNTIFS(Schedule!$C$2:$C$200,"PP2",Schedule!$M$2:$M$200,"PTO"),0)+MAX(COUNTIFS(Schedule!$C$2:$C$200,"PP3",Schedule!$M$2:$M$200,"PTO"),0)+MAX(COUNTIFS(Schedule!$C$2:$C$200,"PP4",Schedule!$M$2:$M$200,"PTO"),0)+MAX(COUNTIFS(Schedule!$C$2:$C$200,"PP5",Schedule!$M$2:$M$200,"PTO"),0)+MAX(COUNTIFS(Schedule!$C$2:$C$200,"PP6",Schedule!$M$2:$M$200,"PTO"),0)+MAX(COUNTIFS(Schedule!$C$2:$C$200,"PP7",Schedule!$M$2:$M$200,"PTO"),0) -> 0 | E10: =MAX(COUNTIFS(Schedule!$C$2:$C$200,"PP1",Schedule!$N$2:$N$200,"PTO"),0)+MAX(COUNTIFS(Schedule!$C$2:$C$200,"PP2",Schedule!$N$2:$N$200,"PTO"),0)+MAX(COUNTIFS(Schedule!$C$2:$C$200,"PP3",Schedule!$N$2:$N$200,"PTO"),0)+MAX(COUNTIFS(Schedule!$C$2:$C$200,"PP4",Schedule!$N$2:$N$200,"PTO"),0)+MAX(COUNTIFS(Schedule!$C$2:$C$200,"PP5",Schedule!$N$2:$N$200,"PTO"),2)+MAX(COUNTIFS(Schedule!$C$2:$C$200,"PP6",Schedule!$N$2:$N$200,"PTO"),0)+MAX(COUNTIFS(Schedule!$C$2:$C$200,"PP7",Schedule!$N$2:$N$200,"PTO"),0) -> 2 | F10: =MAX(COUNTIFS(Schedule!$C$2:$C$200,"PP1",Schedule!$O$2:$O$200,"PTO"),1)+MAX(COUNTIFS(Schedule!$C$2:$C$200,"PP2",Schedule!$O$2:$O$200,"PTO"),0)+MAX(COUNTIFS(Schedule!$C$2:$C$200,"PP3",Schedule!$O$2:$O$200,"PTO"),0)+MAX(COUNTIFS(Schedule!$C$2:$C$200,"PP4",Schedule!$O$2:$O$200,"PTO"),0)+MAX(COUNTIFS(Schedule!$C$2:$C$200,"PP5",Schedule!$O$2:$O$200,"PTO"),2)+MAX(COUNTIFS(Schedule!$C$2:$C$200,"PP6",Schedule!$O$2:$O$200,"PTO"),0)+MAX(COUNTIFS(Schedule!$C$2:$C$200,"PP7",Schedule!$O$2:$O$200,"PTO"),0) -> 3 | G10: =MAX(COUNTIFS(Schedule!$C$2:$C$200,"PP1",Schedule!$P$2:$P$200,"PTO"),0)+MAX(COUNTIFS(Schedule!$C$2:$C$200,"PP2",Schedule!$P$2:$P$200,"PTO"),1)+MAX(COUNTIFS(Schedule!$C$2:$C$200,"PP3",Schedule!$P$2:$P$200,"PTO"),2)+MAX(COUNTIFS(Schedule!$C$2:$C$200,"PP4",Schedule!$P$2:$P$200,"PTO"),0)+MAX(COUNTIFS(Schedule!$C$2:$C$200,"PP5",Schedule!$P$2:$P$200,"PTO"),2)+MAX(COUNTIFS(Schedule!$C$2:$C$200,"PP6",Schedule!$P$2:$P$200,"PTO"),0)+MAX(COUNTIFS(Schedule!$C$2:$C$200,"PP7",Schedule!$P$2:$P$200,"PTO"),0) -> 5 | H10: =MAX(COUNTIFS(Schedule!$C$2:$C$200,"PP1",Schedule!$Q$2:$Q$200,"PTO"),0)+MAX(COUNTIFS(Schedule!$C$2:$C$200,"PP2",Schedule!$Q$2:$Q$200,"PTO"),0)+MAX(COUNTIFS(Schedule!$C$2:$C$200,"PP3",Schedule!$Q$2:$Q$200,"PTO"),0)+MAX(COUNTIFS(Schedule!$C$2:$C$200,"PP4",Schedule!$Q$2:$Q$200,"PTO"),0)+MAX(COUNTIFS(Schedule!$C$2:$C$200,"PP5",Schedule!$Q$2:$Q$200,"PTO"),0)+MAX(COUNTIFS(Schedule!$C$2:$C$200,"PP6",Schedule!$Q$2:$Q$200,"PTO"),0)+MAX(COUNTIFS(Schedule!$C$2:$C$200,"PP7",Schedule!$Q$2:$Q$200,"PTO"),0) -> 0 | I10: =MAX(COUNTIFS(Schedule!$C$2:$C$200,"PP1",Schedule!$R$2:$R$200,"PTO"),0)+MAX(COUNTIFS(Schedule!$C$2:$C$200,"PP2",Schedule!$R$2:$R$200,"PTO"),1)+MAX(COUNTIFS(Schedule!$C$2:$C$200,"PP3",Schedule!$R$2:$R$200,"PTO"),0)+MAX(COUNTIFS(Schedule!$C$2:$C$200,"PP4",Schedule!$R$2:$R$200,"PTO"),0)+MAX(COUNTIFS(Schedule!$C$2:$C$200,"PP5",Schedule!$R$2:$R$200,"PTO"),1)+MAX(COUNTIFS(Schedule!$C$2:$C$200,"PP6",Schedule!$R$2:$R$200,"PTO"),0)+MAX(COUNTIFS(Schedule!$C$2:$C$200,"PP7",Schedule!$R$2:$R$200,"PTO"),2) -> 5 | J10: =MAX(COUNTIFS(Schedule!$C$2:$C$200,"PP1",Schedule!$S$2:$S$200,"PTO"),6)+MAX(COUNTIFS(Schedule!$C$2:$C$200,"PP2",Schedule!$S$2:$S$200,"PTO"),6)+MAX(COUNTIFS(Schedule!$C$2:$C$200,"PP3",Schedule!$S$2:$S$200,"PTO"),6)+MAX(COUNTIFS(Schedule!$C$2:$C$200,"PP4",Schedule!$S$2:$S$200,"PTO"),6)+MAX(COUNTIFS(Schedule!$C$2:$C$200,"PP5",Schedule!$S$2:$S$200,"PTO"),1)+MAX(COUNTIFS(Schedule!$C$2:$C$200,"PP6",Schedule!$S$2:$S$200,"PTO"),0)+MAX(COUNTIFS(Schedule!$C$2:$C$200,"PP7",Schedule!$S$2:$S$200,"PTO"),0) -> 25 | K10: =MAX(COUNTIFS(Schedule!$C$2:$C$200,"PP1",Schedule!$T$2:$T$200,"PTO"),0)+MAX(COUNTIFS(Schedule!$C$2:$C$200,"PP2",Schedule!$T$2:$T$200,"PTO"),0)+MAX(COUNTIFS(Schedule!$C$2:$C$200,"PP3",Schedule!$T$2:$T$200,"PTO"),1)+MAX(COUNTIFS(Schedule!$C$2:$C$200,"PP4",Schedule!$T$2:$T$200,"PTO"),0)+MAX(COUNTIFS(Schedule!$C$2:$C$200,"PP5",Schedule!$T$2:$T$200,"PTO"),0)+MAX(COUNTIFS(Schedule!$C$2:$C$200,"PP6",Schedule!$T$2:$T$200,"PTO"),0)+MAX(COUNTIFS(Schedule!$C$2:$C$200,"PP7",Schedule!$T$2:$T$200,"PTO"),0) -> 1 | L10: =MAX(COUNTIFS(Schedule!$C$2:$C$200,"PP1",Schedule!$U$2:$U$200,"PTO"),0)+MAX(COUNTIFS(Schedule!$C$2:$C$200,"PP2",Schedule!$U$2:$U$200,"PTO"),0)+MAX(COUNTIFS(Schedule!$C$2:$C$200,"PP3",Schedule!$U$2:$U$200,"PTO"),0)+MAX(COUNTIFS(Schedule!$C$2:$C$200,"PP4",Schedule!$U$2:$U$200,"PTO"),0)+MAX(COUNTIFS(Schedule!$C$2:$C$200,"PP5",Schedule!$U$2:$U$200,"PTO"),0)+MAX(COUNTIFS(Schedule!$C$2:$C$200,"PP6",Schedule!$U$2:$U$200,"PTO"),0)+MAX(COUNTIFS(Schedule!$C$2:$C$200,"PP7",Schedule!$U$2:$U$200,"PTO"),0) -> 0 | M10: =MAX(COUNTIFS(Schedule!$C$2:$C$200,"PP1",Schedule!$V$2:$V$200,"PTO"),0)+MAX(COUNTIFS(Schedule!$C$2:$C$200,"PP2",Schedule!$V$2:$V$200,"PTO"),0)+MAX(COUNTIFS(Schedule!$C$2:$C$200,"PP3",Schedule!$V$2:$V$200,"PTO"),0)+MAX(COUNTIFS(Schedule!$C$2:$C$200,"PP4",Schedule!$V$2:$V$200,"PTO"),0)+MAX(COUNTIFS(Schedule!$C$2:$C$200,"PP5",Schedule!$V$2:$V$200,"PTO"),0)+MAX(COUNTIFS(Schedule!$C$2:$C$200,"PP6",Schedule!$V$2:$V$200,"PTO"),0)+MAX(COUNTIFS(Schedule!$C$2:$C$200,"PP7",Schedule!$V$2:$V$200,"PTO"),0) -> 0 | N10: =MAX(COUNTIFS(Schedule!$C$2:$C$200,"PP1",Schedule!$W$2:$W$200,"PTO"),0)+MAX(COUNTIFS(Schedule!$C$2:$C$200,"PP2",Schedule!$W$2:$W$200,"PTO"),0)+MAX(COUNTIFS(Schedule!$C$2:$C$200,"PP3",Schedule!$W$2:$W$200,"PTO"),0)+MAX(COUNTIFS(Schedule!$C$2:$C$200,"PP4",Schedule!$W$2:$W$200,"PTO"),0)+MAX(COUNTIFS(Schedule!$C$2:$C$200,"PP5",Schedule!$W$2:$W$200,"PTO"),0)+MAX(COUNTIFS(Schedule!$C$2:$C$200,"PP6",Schedule!$W$2:$W$200,"PTO"),0)+MAX(COUNTIFS(Schedule!$C$2:$C$200,"PP7",Schedule!$W$2:$W$200,"PTO"),0) -> 0 | O10: =MAX(COUNTIFS(Schedule!$C$2:$C$200,"PP1",Schedule!$X$2:$X$200,"PTO"),0)+MAX(COUNTIFS(Schedule!$C$2:$C$200,"PP2",Schedule!$X$2:$X$200,"PTO"),0)+MAX(COUNTIFS(Schedule!$C$2:$C$200,"PP3",Schedule!$X$2:$X$200,"PTO"),0)+MAX(COUNTIFS(Schedule!$C$2:$C$200,"PP4",Schedule!$X$2:$X$200,"PTO"),0)+MAX(COUNTIFS(Schedule!$C$2:$C$200,"PP5",Schedule!$X$2:$X$200,"PTO"),0)+MAX(COUNTIFS(Schedule!$C$2:$C$200,"PP6",Schedule!$X$2:$X$200,"PTO"),0)+MAX(COUNTIFS(Schedule!$C$2:$C$200,"PP7",Schedule!$X$2:$X$200,"PTO"),0) -> 0 | P10: =MAX(COUNTIFS(Schedule!$C$2:$C$200,"PP1",Schedule!$Y$2:$Y$200,"PTO"),0)+MAX(COUNTIFS(Schedule!$C$2:$C$200,"PP2",Schedule!$Y$2:$Y$200,"PTO"),0)+MAX(COUNTIFS(Schedule!$C$2:$C$200,"PP3",Schedule!$Y$2:$Y$200,"PTO"),0)+MAX(COUNTIFS(Schedule!$C$2:$C$200,"PP4",Schedule!$Y$2:$Y$200,"PTO"),0)+MAX(COUNTIFS(Schedule!$C$2:$C$200,"PP5",Schedule!$Y$2:$Y$200,"PTO"),0)+MAX(COUNTIFS(Schedule!$C$2:$C$200,"PP6",Schedule!$Y$2:$Y$200,"PTO"),0)+MAX(COUNTIFS(Schedule!$C$2:$C$200,"PP7",Schedule!$Y$2:$Y$200,"PTO"),0) -> 0 | Q10: =MAX(COUNTIFS(Schedule!$C$2:$C$200,"PP1",Schedule!$Z$2:$Z$200,"PTO"),0)+MAX(COUNTIFS(Schedule!$C$2:$C$200,"PP2",Schedule!$Z$2:$Z$200,"PTO"),0)+MAX(COUNTIFS(Schedule!$C$2:$C$200,"PP3",Schedule!$Z$2:$Z$200,"PTO"),0)+MAX(COUNTIFS(Schedule!$C$2:$C$200,"PP4",Schedule!$Z$2:$Z$200,"PTO"),0)+MAX(COUNTIFS(Schedule!$C$2:$C$200,"PP5",Schedule!$Z$2:$Z$200,"PTO"),0)+MAX(COUNTIFS(Schedule!$C$2:$C$200,"PP6",Schedule!$Z$2:$Z$200,"PTO"),0)+MAX(COUNTIFS(Schedule!$C$2:$C$200,"PP7",Schedule!$Z$2:$Z$200,"PTO"),0) -> 0 | S10: =COUNTIFS(Schedule!$C$2:$C$200,"PP3",Schedule!$D$2:$D$200,"Katie")+COUNTIFS(Schedule!$C$2:$C$200,"PP3",Schedule!$E$2:$E$200,"Katie")+COUNTIFS(Schedule!$C$2:$C$200,"PP3",Schedule!$F$2:$F$200,"Katie")+COUNTIFS(Schedule!$C$2:$C$200,"PP3",Schedule!$G$2:$G$200,"Katie")+COUNTIFS(Schedule!$C$2:$C$200,"PP3",Schedule!$H$2:$H$200,"Katie")+COUNTIFS(Schedule!$C$2:$C$200,"PP3",Schedule!$I$2:$I$200,"Katie")+COUNTIFS(Schedule!$C$2:$C$200,"PP3",Schedule!$J$2:$J$200,"Katie") -> 6 | T10: =COUNTIFS(Schedule!$C$2:$C$200,"PP3",Schedule!$D$2:$D$200,"Hayden")+COUNTIFS(Schedule!$C$2:$C$200,"PP3",Schedule!$E$2:$E$200,"Hayden")+COUNTIFS(Schedule!$C$2:$C$200,"PP3",Schedule!$F$2:$F$200,"Hayden")+COUNTIFS(Schedule!$C$2:$C$200,"PP3",Schedule!$G$2:$G$200,"Hayden")+COUNTIFS(Schedule!$C$2:$C$200,"PP3",Schedule!$H$2:$H$200,"Hayden")+COUNTIFS(Schedule!$C$2:$C$200,"PP3",Schedule!$I$2:$I$200,"Hayden")+COUNTIFS(Schedule!$C$2:$C$200,"PP3",Schedule!$J$2:$J$200,"Hayden") -> 6 | U10: =COUNTIFS(Schedule!$C$2:$C$200,"PP3",Schedule!$D$2:$D$200,"John")+COUNTIFS(Schedule!$C$2:$C$200,"PP3",Schedule!$E$2:$E$200,"John")+COUNTIFS(Schedule!$C$2:$C$200,"PP3",Schedule!$F$2:$F$200,"John")+COUNTIFS(Schedule!$C$2:$C$200,"PP3",Schedule!$G$2:$G$200,"John")+COUNTIFS(Schedule!$C$2:$C$200,"PP3",Schedule!$H$2:$H$200,"John")+COUNTIFS(Schedule!$C$2:$C$200,"PP3",Schedule!$I$2:$I$200,"John")+COUNTIFS(Schedule!$C$2:$C$200,"PP3",Schedule!$J$2:$J$200,"John") -> 6 | V10: =COUNTIFS(Schedule!$C$2:$C$200,"PP3",Schedule!$D$2:$D$200,"Maureen")+COUNTIFS(Schedule!$C$2:$C$200,"PP3",Schedule!$E$2:$E$200,"Maureen")+COUNTIFS(Schedule!$C$2:$C$200,"PP3",Schedule!$F$2:$F$200,"Maureen")+COUNTIFS(Schedule!$C$2:$C$200,"PP3",Schedule!$G$2:$G$200,"Maureen")+COUNTIFS(Schedule!$C$2:$C$200,"PP3",Schedule!$H$2:$H$200,"Maureen")+COUNTIFS(Schedule!$C$2:$C$200,"PP3",Schedule!$I$2:$I$200,"Maureen")+COUNTIFS(Schedule!$C$2:$C$200,"PP3",Schedule!$J$2:$J$200,"Maureen") -> 6 | W10: =COUNTIFS(Schedule!$C$2:$C$200,"PP3",Schedule!$D$2:$D$200,"Mandie")+COUNTIFS(Schedule!$C$2:$C$200,"PP3",Schedule!$E$2:$E$200,"Mandie")+COUNTIFS(Schedule!$C$2:$C$200,"PP3",Schedule!$F$2:$F$200,"Mandie")+COUNTIFS(Schedule!$C$2:$C$200,"PP3",Schedule!$G$2:$G$200,"Mandie")+COUNTIFS(Schedule!$C$2:$C$200,"PP3",Schedule!$H$2:$H$200,"Mandie")+COUNTIFS(Schedule!$C$2:$C$200,"PP3",Schedule!$I$2:$I$200,"Mandie")+COUNTIFS(Schedule!$C$2:$C$200,"PP3",Schedule!$J$2:$J$200,"Mandie") -> 6 | X10: =COUNTIFS(Schedule!$C$2:$C$200,"PP3",Schedule!$D$2:$D$200,"Caroline")+COUNTIFS(Schedule!$C$2:$C$200,"PP3",Schedule!$E$2:$E$200,"Caroline")+COUNTIFS(Schedule!$C$2:$C$200,"PP3",Schedule!$F$2:$F$200,"Caroline")+COUNTIFS(Schedule!$C$2:$C$200,"PP3",Schedule!$G$2:$G$200,"Caroline")+COUNTIFS(Schedule!$C$2:$C$200,"PP3",Schedule!$H$2:$H$200,"Caroline")+COUNTIFS(Schedule!$C$2:$C$200,"PP3",Schedule!$I$2:$I$200,"Caroline")+COUNTIFS(Schedule!$C$2:$C$200,"PP3",Schedule!$J$2:$J$200,"Caroline") -> 3 | Y10: =COUNTIFS(Schedule!$C$2:$C$200,"PP3",Schedule!$D$2:$D$200,"Kristin")+COUNTIFS(Schedule!$C$2:$C$200,"PP3",Schedule!$E$2:$E$200,"Kristin")+COUNTIFS(Schedule!$C$2:$C$200,"PP3",Schedule!$F$2:$F$200,"Kristin")+COUNTIFS(Schedule!$C$2:$C$200,"PP3",Schedule!$G$2:$G$200,"Kristin")+COUNTIFS(Schedule!$C$2:$C$200,"PP3",Schedule!$H$2:$H$200,"Kristin")+COUNTIFS(Schedule!$C$2:$C$200,"PP3",Schedule!$I$2:$I$200,"Kristin")+COUNTIFS(Schedule!$C$2:$C$200,"PP3",Schedule!$J$2:$J$200,"Kristin") -> 6 | Z10: =COUNTIFS(Schedule!$C$2:$C$200,"PP3",Schedule!$D$2:$D$200,"Radha")+COUNTIFS(Schedule!$C$2:$C$200,"PP3",Schedule!$E$2:$E$200,"Radha")+COUNTIFS(Schedule!$C$2:$C$200,"PP3",Schedule!$F$2:$F$200,"Radha")+COUNTIFS(Schedule!$C$2:$C$200,"PP3",Schedule!$G$2:$G$200,"Radha")+COUNTIFS(Schedule!$C$2:$C$200,"PP3",Schedule!$H$2:$H$200,"Radha")+COUNTIFS(Schedule!$C$2:$C$200,"PP3",Schedule!$I$2:$I$200,"Radha")+COUNTIFS(Schedule!$C$2:$C$200,"PP3",Schedule!$J$2:$J$200,"Radha") -> 6 | AA10: =COUNTIFS(Schedule!$C$2:$C$200,"PP3",Schedule!$D$2:$D$200,"Jamie")+COUNTIFS(Schedule!$C$2:$C$200,"PP3",Schedule!$E$2:$E$200,"Jamie")+COUNTIFS(Schedule!$C$2:$C$200,"PP3",Schedule!$F$2:$F$200,"Jamie")+COUNTIFS(Schedule!$C$2:$C$200,"PP3",Schedule!$G$2:$G$200,"Jamie")+COUNTIFS(Schedule!$C$2:$C$200,"PP3",Schedule!$H$2:$H$200,"Jamie")+COUNTIFS(Schedule!$C$2:$C$200,"PP3",Schedule!$I$2:$I$200,"Jamie")+COUNTIFS(Schedule!$C$2:$C$200,"PP3",Schedule!$J$2:$J$200,"Jamie") -> 0 | AB10: =COUNTIFS(Schedule!$C$2:$C$200,"PP3",Schedule!$D$2:$D$200,"Todd")+COUNTIFS(Schedule!$C$2:$C$200,"PP3",Schedule!$E$2:$E$200,"Todd")+COUNTIFS(Schedule!$C$2:$C$200,"PP3",Schedule!$F$2:$F$200,"Todd")+COUNTIFS(Schedule!$C$2:$C$200,"PP3",Schedule!$G$2:$G$200,"Todd")+COUNTIFS(Schedule!$C$2:$C$200,"PP3",Schedule!$H$2:$H$200,"Todd")+COUNTIFS(Schedule!$C$2:$C$200,"PP3",Schedule!$I$2:$I$200,"Todd")+COUNTIFS(Schedule!$C$2:$C$200,"PP3",Schedule!$J$2:$J$200,"Todd") -> 4 | AC10: =COUNTIFS(Schedule!$C$2:$C$200,"PP3",Schedule!$D$2:$D$200,"Matt")+COUNTIFS(Schedule!$C$2:$C$200,"PP3",Schedule!$E$2:$E$200,"Matt")+COUNTIFS(Schedule!$C$2:$C$200,"PP3",Schedule!$F$2:$F$200,"Matt")+COUNTIFS(Schedule!$C$2:$C$200,"PP3",Schedule!$G$2:$G$200,"Matt")+COUNTIFS(Schedule!$C$2:$C$200,"PP3",Schedule!$H$2:$H$200,"Matt")+COUNTIFS(Schedule!$C$2:$C$200,"PP3",Schedule!$I$2:$I$200,"Matt")+COUNTIFS(Schedule!$C$2:$C$200,"PP3",Schedule!$J$2:$J$200,"Matt") -> 0 | AD10: =COUNTIFS(Schedule!$C$2:$C$200,"PP3",Schedule!$D$2:$D$200,"Jen")+COUNTIFS(Schedule!$C$2:$C$200,"PP3",Schedule!$E$2:$E$200,"Jen")+COUNTIFS(Schedule!$C$2:$C$200,"PP3",Schedule!$F$2:$F$200,"Jen")+COUNTIFS(Schedule!$C$2:$C$200,"PP3",Schedule!$G$2:$G$200,"Jen")+COUNTIFS(Schedule!$C$2:$C$200,"PP3",Schedule!$H$2:$H$200,"Jen")+COUNTIFS(Schedule!$C$2:$C$200,"PP3",Schedule!$I$2:$I$200,"Jen")+COUNTIFS(Schedule!$C$2:$C$200,"PP3",Schedule!$J$2:$J$200,"Jen") -> 0 | AE10: =COUNTIFS(Schedule!$C$2:$C$200,"PP3",Schedule!$D$2:$D$200,"Kennedy")+COUNTIFS(Schedule!$C$2:$C$200,"PP3",Schedule!$E$2:$E$200,"Kennedy")+COUNTIFS(Schedule!$C$2:$C$200,"PP3",Schedule!$F$2:$F$200,"Kennedy")+COUNTIFS(Schedule!$C$2:$C$200,"PP3",Schedule!$G$2:$G$200,"Kennedy")+COUNTIFS(Schedule!$C$2:$C$200,"PP3",Schedule!$H$2:$H$200,"Kennedy")+COUNTIFS(Schedule!$C$2:$C$200,"PP3",Schedule!$I$2:$I$200,"Kennedy")+COUNTIFS(Schedule!$C$2:$C$200,"PP3",Schedule!$J$2:$J$200,"Kennedy") -> 0 | AF10: =COUNTIFS(Schedule!$C$2:$C$200,"PP3",Schedule!$D$2:$D$200,"Preet")+COUNTIFS(Schedule!$C$2:$C$200,"PP3",Schedule!$E$2:$E$200,"Preet")+COUNTIFS(Schedule!$C$2:$C$200,"PP3",Schedule!$F$2:$F$200,"Preet")+COUNTIFS(Schedule!$C$2:$C$200,"PP3",Schedule!$G$2:$G$200,"Preet")+COUNTIFS(Schedule!$C$2:$C$200,"PP3",Schedule!$H$2:$H$200,"Preet")+COUNTIFS(Schedule!$C$2:$C$200,"PP3",Schedule!$I$2:$I$200,"Preet")+COUNTIFS(Schedule!$C$2:$C$200,"PP3",Schedule!$J$2:$J$200,"Preet") -> 0 | AG10: =COUNTIFS(Schedule!$C$2:$C$200,"PP3",Schedule!$D$2:$D$200,"Rose")+COUNTIFS(Schedule!$C$2:$C$200,"PP3",Schedule!$E$2:$E$200,"Rose")+COUNTIFS(Schedule!$C$2:$C$200,"PP3",Schedule!$F$2:$F$200,"Rose")+COUNTIFS(Schedule!$C$2:$C$200,"PP3",Schedule!$G$2:$G$200,"Rose")+COUNTIFS(Schedule!$C$2:$C$200,"PP3",Schedule!$H$2:$H$200,"Rose")+COUNTIFS(Schedule!$C$2:$C$200,"PP3",Schedule!$I$2:$I$200,"Rose")+COUNTIFS(Schedule!$C$2:$C$200,"PP3",Schedule!$J$2:$J$200,"Rose") -> 0 | AH10: =COUNTIFS(Schedule!$C$2:$C$200,"PP3",Schedule!$D$2:$D$200,"Katia")+COUNTIFS(Schedule!$C$2:$C$200,"PP3",Schedule!$E$2:$E$200,"Katia")+COUNTIFS(Schedule!$C$2:$C$200,"PP3",Schedule!$F$2:$F$200,"Katia")+COUNTIFS(Schedule!$C$2:$C$200,"PP3",Schedule!$G$2:$G$200,"Katia")+COUNTIFS(Schedule!$C$2:$C$200,"PP3",Schedule!$H$2:$H$200,"Katia")+COUNTIFS(Schedule!$C$2:$C$200,"PP3",Schedule!$I$2:$I$200,"Katia")+COUNTIFS(Schedule!$C$2:$C$200,"PP3",Schedule!$J$2:$J$200,"Katia") -> 0
A11: Shortfall (shift-days) | B11: =SUMPRODUCT((S$1:S$7>S$8:S$14)*(S$1:S$7-S$8:S$14)) -> 1 | C11: =SUMPRODUCT((T$1:T$7>T$8:T$14)*(T$1:T$7-T$8:T$14)) -> 0 | D11: =SUMPRODUCT((U$1:U$7>U$8:U$14)*(U$1:U$7-U$8:U$14)) -> 2 | E11: =SUMPRODUCT((V$1:V$7>V$8:V$14)*(V$1:V$7-V$8:V$14)) -> 0 | F11: =SUMPRODUCT((W$1:W$7>W$8:W$14)*(W$1:W$7-W$8:W$14)) -> 1 | G11: =SUMPRODUCT((X$1:X$7>X$8:X$14)*(X$1:X$7-X$8:X$14)) -> 1 | H11: =SUMPRODUCT((Y$1:Y$7>Y$8:Y$14)*(Y$1:Y$7-Y$8:Y$14)) -> 0 | I11: =SUMPRODUCT((Z$1:Z$7>Z$8:Z$14)*(Z$1:Z$7-Z$8:Z$14)) -> 0 | ... Q11: =SUMPRODUCT((AH$1:AH$7>AH$8:AH$14)*(AH$1:AH$7-AH$8:AH$14)) -> 0 | S11: =COUNTIFS(Schedule!$C$2:$C$200,"PP4",Schedule!$D$2:$D$200,"Katie")+COUNTIFS(Schedule!$C$2:$C$200,"PP4",Schedule!$E$2:$E$200,"Katie")+COUNTIFS(Schedule!$C$2:$C$200,"PP4",Schedule!$F$2:$F$200,"Katie")+COUNTIFS(Schedule!$C$2:$C$200,"PP4",Schedule!$G$2:$G$200,"Katie")+COUNTIFS(Schedule!$C$2:$C$200,"PP4",Schedule!$H$2:$H$200,"Katie")+COUNTIFS(Schedule!$C$2:$C$200,"PP4",Schedule!$I$2:$I$200,"Katie")+COUNTIFS(Schedule!$C$2:$C$200,"PP4",Schedule!$J$2:$J$200,"Katie") -> 5 | T11: =COUNTIFS(Schedule!$C$2:$C$200,"PP4",Schedule!$D$2:$D$200,"Hayden")+COUNTIFS(Schedule!$C$2:$C$200,"PP4",Schedule!$E$2:$E$200,"Hayden")+COUNTIFS(Schedule!$C$2:$C$200,"PP4",Schedule!$F$2:$F$200,"Hayden")+COUNTIFS(Schedule!$C$2:$C$200,"PP4",Schedule!$G$2:$G$200,"Hayden")+COUNTIFS(Schedule!$C$2:$C$200,"PP4",Schedule!$H$2:$H$200,"Hayden")+COUNTIFS(Schedule!$C$2:$C$200,"PP4",Schedule!$I$2:$I$200,"Hayden")+COUNTIFS(Schedule!$C$2:$C$200,"PP4",Schedule!$J$2:$J$200,"Hayden") -> 6 | U11: =COUNTIFS(Schedule!$C$2:$C$200,"PP4",Schedule!$D$2:$D$200,"John")+COUNTIFS(Schedule!$C$2:$C$200,"PP4",Schedule!$E$2:$E$200,"John")+COUNTIFS(Schedule!$C$2:$C$200,"PP4",Schedule!$F$2:$F$200,"John")+COUNTIFS(Schedule!$C$2:$C$200,"PP4",Schedule!$G$2:$G$200,"John")+COUNTIFS(Schedule!$C$2:$C$200,"PP4",Schedule!$H$2:$H$200,"John")+COUNTIFS(Schedule!$C$2:$C$200,"PP4",Schedule!$I$2:$I$200,"John")+COUNTIFS(Schedule!$C$2:$C$200,"PP4",Schedule!$J$2:$J$200,"John") -> 6 | V11: =COUNTIFS(Schedule!$C$2:$C$200,"PP4",Schedule!$D$2:$D$200,"Maureen")+COUNTIFS(Schedule!$C$2:$C$200,"PP4",Schedule!$E$2:$E$200,"Maureen")+COUNTIFS(Schedule!$C$2:$C$200,"PP4",Schedule!$F$2:$F$200,"Maureen")+COUNTIFS(Schedule!$C$2:$C$200,"PP4",Schedule!$G$2:$G$200,"Maureen")+COUNTIFS(Schedule!$C$2:$C$200,"PP4",Schedule!$H$2:$H$200,"Maureen")+COUNTIFS(Schedule!$C$2:$C$200,"PP4",Schedule!$I$2:$I$200,"Maureen")+COUNTIFS(Schedule!$C$2:$C$200,"PP4",Schedule!$J$2:$J$200,"Maureen") -> 6 | W11: =COUNTIFS(Schedule!$C$2:$C$200,"PP4",Schedule!$D$2:$D$200,"Mandie")+COUNTIFS(Schedule!$C$2:$C$200,"PP4",Schedule!$E$2:$E$200,"Mandie")+COUNTIFS(Schedule!$C$2:$C$200,"PP4",Schedule!$F$2:$F$200,"Mandie")+COUNTIFS(Schedule!$C$2:$C$200,"PP4",Schedule!$G$2:$G$200,"Mandie")+COUNTIFS(Schedule!$C$2:$C$200,"PP4",Schedule!$H$2:$H$200,"Mandie")+COUNTIFS(Schedule!$C$2:$C$200,"PP4",Schedule!$I$2:$I$200,"Mandie")+COUNTIFS(Schedule!$C$2:$C$200,"PP4",Schedule!$J$2:$J$200,"Mandie") -> 6 | X11: =COUNTIFS(Schedule!$C$2:$C$200,"PP4",Schedule!$D$2:$D$200,"Caroline")+COUNTIFS(Schedule!$C$2:$C$200,"PP4",Schedule!$E$2:$E$200,"Caroline")+COUNTIFS(Schedule!$C$2:$C$200,"PP4",Schedule!$F$2:$F$200,"Caroline")+COUNTIFS(Schedule!$C$2:$C$200,"PP4",Schedule!$G$2:$G$200,"Caroline")+COUNTIFS(Schedule!$C$2:$C$200,"PP4",Schedule!$H$2:$H$200,"Caroline")+COUNTIFS(Schedule!$C$2:$C$200,"PP4",Schedule!$I$2:$I$200,"Caroline")+COUNTIFS(Schedule!$C$2:$C$200,"PP4",Schedule!$J$2:$J$200,"Caroline") -> 6 | Y11: =COUNTIFS(Schedule!$C$2:$C$200,"PP4",Schedule!$D$2:$D$200,"Kristin")+COUNTIFS(Schedule!$C$2:$C$200,"PP4",Schedule!$E$2:$E$200,"Kristin")+COUNTIFS(Schedule!$C$2:$C$200,"PP4",Schedule!$F$2:$F$200,"Kristin")+COUNTIFS(Schedule!$C$2:$C$200,"PP4",Schedule!$G$2:$G$200,"Kristin")+COUNTIFS(Schedule!$C$2:$C$200,"PP4",Schedule!$H$2:$H$200,"Kristin")+COUNTIFS(Schedule!$C$2:$C$200,"PP4",Schedule!$I$2:$I$200,"Kristin")+COUNTIFS(Schedule!$C$2:$C$200,"PP4",Schedule!$J$2:$J$200,"Kristin") -> 6 | Z11: =COUNTIFS(Schedule!$C$2:$C$200,"PP4",Schedule!$D$2:$D$200,"Radha")+COUNTIFS(Schedule!$C$2:$C$200,"PP4",Schedule!$E$2:$E$200,"Radha")+COUNTIFS(Schedule!$C$2:$C$200,"PP4",Schedule!$F$2:$F$200,"Radha")+COUNTIFS(Schedule!$C$2:$C$200,"PP4",Schedule!$G$2:$G$200,"Radha")+COUNTIFS(Schedule!$C$2:$C$200,"PP4",Schedule!$H$2:$H$200,"Radha")+COUNTIFS(Schedule!$C$2:$C$200,"PP4",Schedule!$I$2:$I$200,"Radha")+COUNTIFS(Schedule!$C$2:$C$200,"PP4",Schedule!$J$2:$J$200,"Radha") -> 6 | AA11: =COUNTIFS(Schedule!$C$2:$C$200,"PP4",Schedule!$D$2:$D$200,"Jamie")+COUNTIFS(Schedule!$C$2:$C$200,"PP4",Schedule!$E$2:$E$200,"Jamie")+COUNTIFS(Schedule!$C$2:$C$200,"PP4",Schedule!$F$2:$F$200,"Jamie")+COUNTIFS(Schedule!$C$2:$C$200,"PP4",Schedule!$G$2:$G$200,"Jamie")+COUNTIFS(Schedule!$C$2:$C$200,"PP4",Schedule!$H$2:$H$200,"Jamie")+COUNTIFS(Schedule!$C$2:$C$200,"PP4",Schedule!$I$2:$I$200,"Jamie")+COUNTIFS(Schedule!$C$2:$C$200,"PP4",Schedule!$J$2:$J$200,"Jamie") -> 0 | AB11: =COUNTIFS(Schedule!$C$2:$C$200,"PP4",Schedule!$D$2:$D$200,"Todd")+COUNTIFS(Schedule!$C$2:$C$200,"PP4",Schedule!$E$2:$E$200,"Todd")+COUNTIFS(Schedule!$C$2:$C$200,"PP4",Schedule!$F$2:$F$200,"Todd")+COUNTIFS(Schedule!$C$2:$C$200,"PP4",Schedule!$G$2:$G$200,"Todd")+COUNTIFS(Schedule!$C$2:$C$200,"PP4",Schedule!$H$2:$H$200,"Todd")+COUNTIFS(Schedule!$C$2:$C$200,"PP4",Schedule!$I$2:$I$200,"Todd")+COUNTIFS(Schedule!$C$2:$C$200,"PP4",Schedule!$J$2:$J$200,"Todd") -> 6 | AC11: =COUNTIFS(Schedule!$C$2:$C$200,"PP4",Schedule!$D$2:$D$200,"Matt")+COUNTIFS(Schedule!$C$2:$C$200,"PP4",Schedule!$E$2:$E$200,"Matt")+COUNTIFS(Schedule!$C$2:$C$200,"PP4",Schedule!$F$2:$F$200,"Matt")+COUNTIFS(Schedule!$C$2:$C$200,"PP4",Schedule!$G$2:$G$200,"Matt")+COUNTIFS(Schedule!$C$2:$C$200,"PP4",Schedule!$H$2:$H$200,"Matt")+COUNTIFS(Schedule!$C$2:$C$200,"PP4",Schedule!$I$2:$I$200,"Matt")+COUNTIFS(Schedule!$C$2:$C$200,"PP4",Schedule!$J$2:$J$200,"Matt") -> 0 | AD11: =COUNTIFS(Schedule!$C$2:$C$200,"PP4",Schedule!$D$2:$D$200,"Jen")+COUNTIFS(Schedule!$C$2:$C$200,"PP4",Schedule!$E$2:$E$200,"Jen")+COUNTIFS(Schedule!$C$2:$C$200,"PP4",Schedule!$F$2:$F$200,"Jen")+COUNTIFS(Schedule!$C$2:$C$200,"PP4",Schedule!$G$2:$G$200,"Jen")+COUNTIFS(Schedule!$C$2:$C$200,"PP4",Schedule!$H$2:$H$200,"Jen")+COUNTIFS(Schedule!$C$2:$C$200,"PP4",Schedule!$I$2:$I$200,"Jen")+COUNTIFS(Schedule!$C$2:$C$200,"PP4",Schedule!$J$2:$J$200,"Jen") -> 0 | AE11: =COUNTIFS(Schedule!$C$2:$C$200,"PP4",Schedule!$D$2:$D$200,"Kennedy")+COUNTIFS(Schedule!$C$2:$C$200,"PP4",Schedule!$E$2:$E$200,"Kennedy")+COUNTIFS(Schedule!$C$2:$C$200,"PP4",Schedule!$F$2:$F$200,"Kennedy")+COUNTIFS(Schedule!$C$2:$C$200,"PP4",Schedule!$G$2:$G$200,"Kennedy")+COUNTIFS(Schedule!$C$2:$C$200,"PP4",Schedule!$H$2:$H$200,"Kennedy")+COUNTIFS(Schedule!$C$2:$C$200,"PP4",Schedule!$I$2:$I$200,"Kennedy")+COUNTIFS(Schedule!$C$2:$C$200,"PP4",Schedule!$J$2:$J$200,"Kennedy") -> 0 | AF11: =COUNTIFS(Schedule!$C$2:$C$200,"PP4",Schedule!$D$2:$D$200,"Preet")+COUNTIFS(Schedule!$C$2:$C$200,"PP4",Schedule!$E$2:$E$200,"Preet")+COUNTIFS(Schedule!$C$2:$C$200,"PP4",Schedule!$F$2:$F$200,"Preet")+COUNTIFS(Schedule!$C$2:$C$200,"PP4",Schedule!$G$2:$G$200,"Preet")+COUNTIFS(Schedule!$C$2:$C$200,"PP4",Schedule!$H$2:$H$200,"Preet")+COUNTIFS(Schedule!$C$2:$C$200,"PP4",Schedule!$I$2:$I$200,"Preet")+COUNTIFS(Schedule!$C$2:$C$200,"PP4",Schedule!$J$2:$J$200,"Preet") -> 0 | AG11: =COUNTIFS(Schedule!$C$2:$C$200,"PP4",Schedule!$D$2:$D$200,"Rose")+COUNTIFS(Schedule!$C$2:$C$200,"PP4",Schedule!$E$2:$E$200,"Rose")+COUNTIFS(Schedule!$C$2:$C$200,"PP4",Schedule!$F$2:$F$200,"Rose")+COUNTIFS(Schedule!$C$2:$C$200,"PP4",Schedule!$G$2:$G$200,"Rose")+COUNTIFS(Schedule!$C$2:$C$200,"PP4",Schedule!$H$2:$H$200,"Rose")+COUNTIFS(Schedule!$C$2:$C$200,"PP4",Schedule!$I$2:$I$200,"Rose")+COUNTIFS(Schedule!$C$2:$C$200,"PP4",Schedule!$J$2:$J$200,"Rose") -> 0 | AH11: =COUNTIFS(Schedule!$C$2:$C$200,"PP4",Schedule!$D$2:$D$200,"Katia")+COUNTIFS(Schedule!$C$2:$C$200,"PP4",Schedule!$E$2:$E$200,"Katia")+COUNTIFS(Schedule!$C$2:$C$200,"PP4",Schedule!$F$2:$F$200,"Katia")+COUNTIFS(Schedule!$C$2:$C$200,"PP4",Schedule!$G$2:$G$200,"Katia")+COUNTIFS(Schedule!$C$2:$C$200,"PP4",Schedule!$H$2:$H$200,"Katia")+COUNTIFS(Schedule!$C$2:$C$200,"PP4",Schedule!$I$2:$I$200,"Katia")+COUNTIFS(Schedule!$C$2:$C$200,"PP4",Schedule!$J$2:$J$200,"Katia") -> 0
S12: =COUNTIFS(Schedule!$C$2:$C$200,"PP5",Schedule!$D$2:$D$200,"Katie")+COUNTIFS(Schedule!$C$2:$C$200,"PP5",Schedule!$E$2:$E$200,"Katie")+COUNTIFS(Schedule!$C$2:$C$200,"PP5",Schedule!$F$2:$F$200,"Katie")+COUNTIFS(Schedule!$C$2:$C$200,"PP5",Schedule!$G$2:$G$200,"Katie")+COUNTIFS(Schedule!$C$2:$C$200,"PP5",Schedule!$H$2:$H$200,"Katie")+COUNTIFS(Schedule!$C$2:$C$200,"PP5",Schedule!$I$2:$I$200,"Katie")+COUNTIFS(Schedule!$C$2:$C$200,"PP5",Schedule!$J$2:$J$200,"Katie") -> 6 | T12: =COUNTIFS(Schedule!$C$2:$C$200,"PP5",Schedule!$D$2:$D$200,"Hayden")+COUNTIFS(Schedule!$C$2:$C$200,"PP5",Schedule!$E$2:$E$200,"Hayden")+COUNTIFS(Schedule!$C$2:$C$200,"PP5",Schedule!$F$2:$F$200,"Hayden")+COUNTIFS(Schedule!$C$2:$C$200,"PP5",Schedule!$G$2:$G$200,"Hayden")+COUNTIFS(Schedule!$C$2:$C$200,"PP5",Schedule!$H$2:$H$200,"Hayden")+COUNTIFS(Schedule!$C$2:$C$200,"PP5",Schedule!$I$2:$I$200,"Hayden")+COUNTIFS(Schedule!$C$2:$C$200,"PP5",Schedule!$J$2:$J$200,"Hayden") -> 5 | U12: =COUNTIFS(Schedule!$C$2:$C$200,"PP5",Schedule!$D$2:$D$200,"John")+COUNTIFS(Schedule!$C$2:$C$200,"PP5",Schedule!$E$2:$E$200,"John")+COUNTIFS(Schedule!$C$2:$C$200,"PP5",Schedule!$F$2:$F$200,"John")+COUNTIFS(Schedule!$C$2:$C$200,"PP5",Schedule!$G$2:$G$200,"John")+COUNTIFS(Schedule!$C$2:$C$200,"PP5",Schedule!$H$2:$H$200,"John")+COUNTIFS(Schedule!$C$2:$C$200,"PP5",Schedule!$I$2:$I$200,"John")+COUNTIFS(Schedule!$C$2:$C$200,"PP5",Schedule!$J$2:$J$200,"John") -> 6 | V12: =COUNTIFS(Schedule!$C$2:$C$200,"PP5",Schedule!$D$2:$D$200,"Maureen")+COUNTIFS(Schedule!$C$2:$C$200,"PP5",Schedule!$E$2:$E$200,"Maureen")+COUNTIFS(Schedule!$C$2:$C$200,"PP5",Schedule!$F$2:$F$200,"Maureen")+COUNTIFS(Schedule!$C$2:$C$200,"PP5",Schedule!$G$2:$G$200,"Maureen")+COUNTIFS(Schedule!$C$2:$C$200,"PP5",Schedule!$H$2:$H$200,"Maureen")+COUNTIFS(Schedule!$C$2:$C$200,"PP5",Schedule!$I$2:$I$200,"Maureen")+COUNTIFS(Schedule!$C$2:$C$200,"PP5",Schedule!$J$2:$J$200,"Maureen") -> 4 | W12: =COUNTIFS(Schedule!$C$2:$C$200,"PP5",Schedule!$D$2:$D$200,"Mandie")+COUNTIFS(Schedule!$C$2:$C$200,"PP5",Schedule!$E$2:$E$200,"Mandie")+COUNTIFS(Schedule!$C$2:$C$200,"PP5",Schedule!$F$2:$F$200,"Mandie")+COUNTIFS(Schedule!$C$2:$C$200,"PP5",Schedule!$G$2:$G$200,"Mandie")+COUNTIFS(Schedule!$C$2:$C$200,"PP5",Schedule!$H$2:$H$200,"Mandie")+COUNTIFS(Schedule!$C$2:$C$200,"PP5",Schedule!$I$2:$I$200,"Mandie")+COUNTIFS(Schedule!$C$2:$C$200,"PP5",Schedule!$J$2:$J$200,"Mandie") -> 4 | X12: =COUNTIFS(Schedule!$C$2:$C$200,"PP5",Schedule!$D$2:$D$200,"Caroline")+COUNTIFS(Schedule!$C$2:$C$200,"PP5",Schedule!$E$2:$E$200,"Caroline")+COUNTIFS(Schedule!$C$2:$C$200,"PP5",Schedule!$F$2:$F$200,"Caroline")+COUNTIFS(Schedule!$C$2:$C$200,"PP5",Schedule!$G$2:$G$200,"Caroline")+COUNTIFS(Schedule!$C$2:$C$200,"PP5",Schedule!$H$2:$H$200,"Caroline")+COUNTIFS(Schedule!$C$2:$C$200,"PP5",Schedule!$I$2:$I$200,"Caroline")+COUNTIFS(Schedule!$C$2:$C$200,"PP5",Schedule!$J$2:$J$200,"Caroline") -> 4 | Y12: =COUNTIFS(Schedule!$C$2:$C$200,"PP5",Schedule!$D$2:$D$200,"Kristin")+COUNTIFS(Schedule!$C$2:$C$200,"PP5",Schedule!$E$2:$E$200,"Kristin")+COUNTIFS(Schedule!$C$2:$C$200,"PP5",Schedule!$F$2:$F$200,"Kristin")+COUNTIFS(Schedule!$C$2:$C$200,"PP5",Schedule!$G$2:$G$200,"Kristin")+COUNTIFS(Schedule!$C$2:$C$200,"PP5",Schedule!$H$2:$H$200,"Kristin")+COUNTIFS(Schedule!$C$2:$C$200,"PP5",Schedule!$I$2:$I$200,"Kristin")+COUNTIFS(Schedule!$C$2:$C$200,"PP5",Schedule!$J$2:$J$200,"Kristin") -> 6 | Z12: =COUNTIFS(Schedule!$C$2:$C$200,"PP5",Schedule!$D$2:$D$200,"Radha")+COUNTIFS(Schedule!$C$2:$C$200,"PP5",Schedule!$E$2:$E$200,"Radha")+COUNTIFS(Schedule!$C$2:$C$200,"PP5",Schedule!$F$2:$F$200,"Radha")+COUNTIFS(Schedule!$C$2:$C$200,"PP5",Schedule!$G$2:$G$200,"Radha")+COUNTIFS(Schedule!$C$2:$C$200,"PP5",Schedule!$H$2:$H$200,"Radha")+COUNTIFS(Schedule!$C$2:$C$200,"PP5",Schedule!$I$2:$I$200,"Radha")+COUNTIFS(Schedule!$C$2:$C$200,"PP5",Schedule!$J$2:$J$200,"Radha") -> 5 | AA12: =COUNTIFS(Schedule!$C$2:$C$200,"PP5",Schedule!$D$2:$D$200,"Jamie")+COUNTIFS(Schedule!$C$2:$C$200,"PP5",Schedule!$E$2:$E$200,"Jamie")+COUNTIFS(Schedule!$C$2:$C$200,"PP5",Schedule!$F$2:$F$200,"Jamie")+COUNTIFS(Schedule!$C$2:$C$200,"PP5",Schedule!$G$2:$G$200,"Jamie")+COUNTIFS(Schedule!$C$2:$C$200,"PP5",Schedule!$H$2:$H$200,"Jamie")+COUNTIFS(Schedule!$C$2:$C$200,"PP5",Schedule!$I$2:$I$200,"Jamie")+COUNTIFS(Schedule!$C$2:$C$200,"PP5",Schedule!$J$2:$J$200,"Jamie") -> 5 | AB12: =COUNTIFS(Schedule!$C$2:$C$200,"PP5",Schedule!$D$2:$D$200,"Todd")+COUNTIFS(Schedule!$C$2:$C$200,"PP5",Schedule!$E$2:$E$200,"Todd")+COUNTIFS(Schedule!$C$2:$C$200,"PP5",Schedule!$F$2:$F$200,"Todd")+COUNTIFS(Schedule!$C$2:$C$200,"PP5",Schedule!$G$2:$G$200,"Todd")+COUNTIFS(Schedule!$C$2:$C$200,"PP5",Schedule!$H$2:$H$200,"Todd")+COUNTIFS(Schedule!$C$2:$C$200,"PP5",Schedule!$I$2:$I$200,"Todd")+COUNTIFS(Schedule!$C$2:$C$200,"PP5",Schedule!$J$2:$J$200,"Todd") -> 6 | AC12: =COUNTIFS(Schedule!$C$2:$C$200,"PP5",Schedule!$D$2:$D$200,"Matt")+COUNTIFS(Schedule!$C$2:$C$200,"PP5",Schedule!$E$2:$E$200,"Matt")+COUNTIFS(Schedule!$C$2:$C$200,"PP5",Schedule!$F$2:$F$200,"Matt")+COUNTIFS(Schedule!$C$2:$C$200,"PP5",Schedule!$G$2:$G$200,"Matt")+COUNTIFS(Schedule!$C$2:$C$200,"PP5",Schedule!$H$2:$H$200,"Matt")+COUNTIFS(Schedule!$C$2:$C$200,"PP5",Schedule!$I$2:$I$200,"Matt")+COUNTIFS(Schedule!$C$2:$C$200,"PP5",Schedule!$J$2:$J$200,"Matt") -> 0 | AD12: =COUNTIFS(Schedule!$C$2:$C$200,"PP5",Schedule!$D$2:$D$200,"Jen")+COUNTIFS(Schedule!$C$2:$C$200,"PP5",Schedule!$E$2:$E$200,"Jen")+COUNTIFS(Schedule!$C$2:$C$200,"PP5",Schedule!$F$2:$F$200,"Jen")+COUNTIFS(Schedule!$C$2:$C$200,"PP5",Schedule!$G$2:$G$200,"Jen")+COUNTIFS(Schedule!$C$2:$C$200,"PP5",Schedule!$H$2:$H$200,"Jen")+COUNTIFS(Schedule!$C$2:$C$200,"PP5",Schedule!$I$2:$I$200,"Jen")+COUNTIFS(Schedule!$C$2:$C$200,"PP5",Schedule!$J$2:$J$200,"Jen") -> 0 | AE12: =COUNTIFS(Schedule!$C$2:$C$200,"PP5",Schedule!$D$2:$D$200,"Kennedy")+COUNTIFS(Schedule!$C$2:$C$200,"PP5",Schedule!$E$2:$E$200,"Kennedy")+COUNTIFS(Schedule!$C$2:$C$200,"PP5",Schedule!$F$2:$F$200,"Kennedy")+COUNTIFS(Schedule!$C$2:$C$200,"PP5",Schedule!$G$2:$G$200,"Kennedy")+COUNTIFS(Schedule!$C$2:$C$200,"PP5",Schedule!$H$2:$H$200,"Kennedy")+COUNTIFS(Schedule!$C$2:$C$200,"PP5",Schedule!$I$2:$I$200,"Kennedy")+COUNTIFS(Schedule!$C$2:$C$200,"PP5",Schedule!$J$2:$J$200,"Kennedy") -> 0 | AF12: =COUNTIFS(Schedule!$C$2:$C$200,"PP5",Schedule!$D$2:$D$200,"Preet")+COUNTIFS(Schedule!$C$2:$C$200,"PP5",Schedule!$E$2:$E$200,"Preet")+COUNTIFS(Schedule!$C$2:$C$200,"PP5",Schedule!$F$2:$F$200,"Preet")+COUNTIFS(Schedule!$C$2:$C$200,"PP5",Schedule!$G$2:$G$200,"Preet")+COUNTIFS(Schedule!$C$2:$C$200,"PP5",Schedule!$H$2:$H$200,"Preet")+COUNTIFS(Schedule!$C$2:$C$200,"PP5",Schedule!$I$2:$I$200,"Preet")+COUNTIFS(Schedule!$C$2:$C$200,"PP5",Schedule!$J$2:$J$200,"Preet") -> 0 | AG12: =COUNTIFS(Schedule!$C$2:$C$200,"PP5",Schedule!$D$2:$D$200,"Rose")+COUNTIFS(Schedule!$C$2:$C$200,"PP5",Schedule!$E$2:$E$200,"Rose")+COUNTIFS(Schedule!$C$2:$C$200,"PP5",Schedule!$F$2:$F$200,"Rose")+COUNTIFS(Schedule!$C$2:$C$200,"PP5",Schedule!$G$2:$G$200,"Rose")+COUNTIFS(Schedule!$C$2:$C$200,"PP5",Schedule!$H$2:$H$200,"Rose")+COUNTIFS(Schedule!$C$2:$C$200,"PP5",Schedule!$I$2:$I$200,"Rose")+COUNTIFS(Schedule!$C$2:$C$200,"PP5",Schedule!$J$2:$J$200,"Rose") -> 0 | AH12: =COUNTIFS(Schedule!$C$2:$C$200,"PP5",Schedule!$D$2:$D$200,"Katia")+COUNTIFS(Schedule!$C$2:$C$200,"PP5",Schedule!$E$2:$E$200,"Katia")+COUNTIFS(Schedule!$C$2:$C$200,"PP5",Schedule!$F$2:$F$200,"Katia")+COUNTIFS(Schedule!$C$2:$C$200,"PP5",Schedule!$G$2:$G$200,"Katia")+COUNTIFS(Schedule!$C$2:$C$200,"PP5",Schedule!$H$2:$H$200,"Katia")+COUNTIFS(Schedule!$C$2:$C$200,"PP5",Schedule!$I$2:$I$200,"Katia")+COUNTIFS(Schedule!$C$2:$C$200,"PP5",Schedule!$J$2:$J$200,"Katia") -> 0
A13: Pay Period Detail | S13: =COUNTIFS(Schedule!$C$2:$C$200,"PP6",Schedule!$D$2:$D$200,"Katie")+COUNTIFS(Schedule!$C$2:$C$200,"PP6",Schedule!$E$2:$E$200,"Katie")+COUNTIFS(Schedule!$C$2:$C$200,"PP6",Schedule!$F$2:$F$200,"Katie")+COUNTIFS(Schedule!$C$2:$C$200,"PP6",Schedule!$G$2:$G$200,"Katie")+COUNTIFS(Schedule!$C$2:$C$200,"PP6",Schedule!$H$2:$H$200,"Katie")+COUNTIFS(Schedule!$C$2:$C$200,"PP6",Schedule!$I$2:$I$200,"Katie")+COUNTIFS(Schedule!$C$2:$C$200,"PP6",Schedule!$J$2:$J$200,"Katie") -> 6 | T13: =COUNTIFS(Schedule!$C$2:$C$200,"PP6",Schedule!$D$2:$D$200,"Hayden")+COUNTIFS(Schedule!$C$2:$C$200,"PP6",Schedule!$E$2:$E$200,"Hayden")+COUNTIFS(Schedule!$C$2:$C$200,"PP6",Schedule!$F$2:$F$200,"Hayden")+COUNTIFS(Schedule!$C$2:$C$200,"PP6",Schedule!$G$2:$G$200,"Hayden")+COUNTIFS(Schedule!$C$2:$C$200,"PP6",Schedule!$H$2:$H$200,"Hayden")+COUNTIFS(Schedule!$C$2:$C$200,"PP6",Schedule!$I$2:$I$200,"Hayden")+COUNTIFS(Schedule!$C$2:$C$200,"PP6",Schedule!$J$2:$J$200,"Hayden") -> 6 | U13: =COUNTIFS(Schedule!$C$2:$C$200,"PP6",Schedule!$D$2:$D$200,"John")+COUNTIFS(Schedule!$C$2:$C$200,"PP6",Schedule!$E$2:$E$200,"John")+COUNTIFS(Schedule!$C$2:$C$200,"PP6",Schedule!$F$2:$F$200,"John")+COUNTIFS(Schedule!$C$2:$C$200,"PP6",Schedule!$G$2:$G$200,"John")+COUNTIFS(Schedule!$C$2:$C$200,"PP6",Schedule!$H$2:$H$200,"John")+COUNTIFS(Schedule!$C$2:$C$200,"PP6",Schedule!$I$2:$I$200,"John")+COUNTIFS(Schedule!$C$2:$C$200,"PP6",Schedule!$J$2:$J$200,"John") -> 4 | V13: =COUNTIFS(Schedule!$C$2:$C$200,"PP6",Schedule!$D$2:$D$200,"Maureen")+COUNTIFS(Schedule!$C$2:$C$200,"PP6",Schedule!$E$2:$E$200,"Maureen")+COUNTIFS(Schedule!$C$2:$C$200,"PP6",Schedule!$F$2:$F$200,"Maureen")+COUNTIFS(Schedule!$C$2:$C$200,"PP6",Schedule!$G$2:$G$200,"Maureen")+COUNTIFS(Schedule!$C$2:$C$200,"PP6",Schedule!$H$2:$H$200,"Maureen")+COUNTIFS(Schedule!$C$2:$C$200,"PP6",Schedule!$I$2:$I$200,"Maureen")+COUNTIFS(Schedule!$C$2:$C$200,"PP6",Schedule!$J$2:$J$200,"Maureen") -> 6 | W13: =COUNTIFS(Schedule!$C$2:$C$200,"PP6",Schedule!$D$2:$D$200,"Mandie")+COUNTIFS(Schedule!$C$2:$C$200,"PP6",Schedule!$E$2:$E$200,"Mandie")+COUNTIFS(Schedule!$C$2:$C$200,"PP6",Schedule!$F$2:$F$200,"Mandie")+COUNTIFS(Schedule!$C$2:$C$200,"PP6",Schedule!$G$2:$G$200,"Mandie")+COUNTIFS(Schedule!$C$2:$C$200,"PP6",Schedule!$H$2:$H$200,"Mandie")+COUNTIFS(Schedule!$C$2:$C$200,"PP6",Schedule!$I$2:$I$200,"Mandie")+COUNTIFS(Schedule!$C$2:$C$200,"PP6",Schedule!$J$2:$J$200,"Mandie") -> 5 | X13: =COUNTIFS(Schedule!$C$2:$C$200,"PP6",Schedule!$D$2:$D$200,"Caroline")+COUNTIFS(Schedule!$C$2:$C$200,"PP6",Schedule!$E$2:$E$200,"Caroline")+COUNTIFS(Schedule!$C$2:$C$200,"PP6",Schedule!$F$2:$F$200,"Caroline")+COUNTIFS(Schedule!$C$2:$C$200,"PP6",Schedule!$G$2:$G$200,"Caroline")+COUNTIFS(Schedule!$C$2:$C$200,"PP6",Schedule!$H$2:$H$200,"Caroline")+COUNTIFS(Schedule!$C$2:$C$200,"PP6",Schedule!$I$2:$I$200,"Caroline")+COUNTIFS(Schedule!$C$2:$C$200,"PP6",Schedule!$J$2:$J$200,"Caroline") -> 6 | Y13: =COUNTIFS(Schedule!$C$2:$C$200,"PP6",Schedule!$D$2:$D$200,"Kristin")+COUNTIFS(Schedule!$C$2:$C$200,"PP6",Schedule!$E$2:$E$200,"Kristin")+COUNTIFS(Schedule!$C$2:$C$200,"PP6",Schedule!$F$2:$F$200,"Kristin")+COUNTIFS(Schedule!$C$2:$C$200,"PP6",Schedule!$G$2:$G$200,"Kristin")+COUNTIFS(Schedule!$C$2:$C$200,"PP6",Schedule!$H$2:$H$200,"Kristin")+COUNTIFS(Schedule!$C$2:$C$200,"PP6",Schedule!$I$2:$I$200,"Kristin")+COUNTIFS(Schedule!$C$2:$C$200,"PP6",Schedule!$J$2:$J$200,"Kristin") -> 6 | Z13: =COUNTIFS(Schedule!$C$2:$C$200,"PP6",Schedule!$D$2:$D$200,"Radha")+COUNTIFS(Schedule!$C$2:$C$200,"PP6",Schedule!$E$2:$E$200,"Radha")+COUNTIFS(Schedule!$C$2:$C$200,"PP6",Schedule!$F$2:$F$200,"Radha")+COUNTIFS(Schedule!$C$2:$C$200,"PP6",Schedule!$G$2:$G$200,"Radha")+COUNTIFS(Schedule!$C$2:$C$200,"PP6",Schedule!$H$2:$H$200,"Radha")+COUNTIFS(Schedule!$C$2:$C$200,"PP6",Schedule!$I$2:$I$200,"Radha")+COUNTIFS(Schedule!$C$2:$C$200,"PP6",Schedule!$J$2:$J$200,"Radha") -> 6 | AA13: =COUNTIFS(Schedule!$C$2:$C$200,"PP6",Schedule!$D$2:$D$200,"Jamie")+COUNTIFS(Schedule!$C$2:$C$200,"PP6",Schedule!$E$2:$E$200,"Jamie")+COUNTIFS(Schedule!$C$2:$C$200,"PP6",Schedule!$F$2:$F$200,"Jamie")+COUNTIFS(Schedule!$C$2:$C$200,"PP6",Schedule!$G$2:$G$200,"Jamie")+COUNTIFS(Schedule!$C$2:$C$200,"PP6",Schedule!$H$2:$H$200,"Jamie")+COUNTIFS(Schedule!$C$2:$C$200,"PP6",Schedule!$I$2:$I$200,"Jamie")+COUNTIFS(Schedule!$C$2:$C$200,"PP6",Schedule!$J$2:$J$200,"Jamie") -> 6 | AB13: =COUNTIFS(Schedule!$C$2:$C$200,"PP6",Schedule!$D$2:$D$200,"Todd")+COUNTIFS(Schedule!$C$2:$C$200,"PP6",Schedule!$E$2:$E$200,"Todd")+COUNTIFS(Schedule!$C$2:$C$200,"PP6",Schedule!$F$2:$F$200,"Todd")+COUNTIFS(Schedule!$C$2:$C$200,"PP6",Schedule!$G$2:$G$200,"Todd")+COUNTIFS(Schedule!$C$2:$C$200,"PP6",Schedule!$H$2:$H$200,"Todd")+COUNTIFS(Schedule!$C$2:$C$200,"PP6",Schedule!$I$2:$I$200,"Todd")+COUNTIFS(Schedule!$C$2:$C$200,"PP6",Schedule!$J$2:$J$200,"Todd") -> 5 | AC13: =COUNTIFS(Schedule!$C$2:$C$200,"PP6",Schedule!$D$2:$D$200,"Matt")+COUNTIFS(Schedule!$C$2:$C$200,"PP6",Schedule!$E$2:$E$200,"Matt")+COUNTIFS(Schedule!$C$2:$C$200,"PP6",Schedule!$F$2:$F$200,"Matt")+COUNTIFS(Schedule!$C$2:$C$200,"PP6",Schedule!$G$2:$G$200,"Matt")+COUNTIFS(Schedule!$C$2:$C$200,"PP6",Schedule!$H$2:$H$200,"Matt")+COUNTIFS(Schedule!$C$2:$C$200,"PP6",Schedule!$I$2:$I$200,"Matt")+COUNTIFS(Schedule!$C$2:$C$200,"PP6",Schedule!$J$2:$J$200,"Matt") -> 0 | AD13: =COUNTIFS(Schedule!$C$2:$C$200,"PP6",Schedule!$D$2:$D$200,"Jen")+COUNTIFS(Schedule!$C$2:$C$200,"PP6",Schedule!$E$2:$E$200,"Jen")+COUNTIFS(Schedule!$C$2:$C$200,"PP6",Schedule!$F$2:$F$200,"Jen")+COUNTIFS(Schedule!$C$2:$C$200,"PP6",Schedule!$G$2:$G$200,"Jen")+COUNTIFS(Schedule!$C$2:$C$200,"PP6",Schedule!$H$2:$H$200,"Jen")+COUNTIFS(Schedule!$C$2:$C$200,"PP6",Schedule!$I$2:$I$200,"Jen")+COUNTIFS(Schedule!$C$2:$C$200,"PP6",Schedule!$J$2:$J$200,"Jen") -> 0 | AE13: =COUNTIFS(Schedule!$C$2:$C$200,"PP6",Schedule!$D$2:$D$200,"Kennedy")+COUNTIFS(Schedule!$C$2:$C$200,"PP6",Schedule!$E$2:$E$200,"Kennedy")+COUNTIFS(Schedule!$C$2:$C$200,"PP6",Schedule!$F$2:$F$200,"Kennedy")+COUNTIFS(Schedule!$C$2:$C$200,"PP6",Schedule!$G$2:$G$200,"Kennedy")+COUNTIFS(Schedule!$C$2:$C$200,"PP6",Schedule!$H$2:$H$200,"Kennedy")+COUNTIFS(Schedule!$C$2:$C$200,"PP6",Schedule!$I$2:$I$200,"Kennedy")+COUNTIFS(Schedule!$C$2:$C$200,"PP6",Schedule!$J$2:$J$200,"Kennedy") -> 0 | AF13: =COUNTIFS(Schedule!$C$2:$C$200,"PP6",Schedule!$D$2:$D$200,"Preet")+COUNTIFS(Schedule!$C$2:$C$200,"PP6",Schedule!$E$2:$E$200,"Preet")+COUNTIFS(Schedule!$C$2:$C$200,"PP6",Schedule!$F$2:$F$200,"Preet")+COUNTIFS(Schedule!$C$2:$C$200,"PP6",Schedule!$G$2:$G$200,"Preet")+COUNTIFS(Schedule!$C$2:$C$200,"PP6",Schedule!$H$2:$H$200,"Preet")+COUNTIFS(Schedule!$C$2:$C$200,"PP6",Schedule!$I$2:$I$200,"Preet")+COUNTIFS(Schedule!$C$2:$C$200,"PP6",Schedule!$J$2:$J$200,"Preet") -> 0 | AG13: =COUNTIFS(Schedule!$C$2:$C$200,"PP6",Schedule!$D$2:$D$200,"Rose")+COUNTIFS(Schedule!$C$2:$C$200,"PP6",Schedule!$E$2:$E$200,"Rose")+COUNTIFS(Schedule!$C$2:$C$200,"PP6",Schedule!$F$2:$F$200,"Rose")+COUNTIFS(Schedule!$C$2:$C$200,"PP6",Schedule!$G$2:$G$200,"Rose")+COUNTIFS(Schedule!$C$2:$C$200,"PP6",Schedule!$H$2:$H$200,"Rose")+COUNTIFS(Schedule!$C$2:$C$200,"PP6",Schedule!$I$2:$I$200,"Rose")+COUNTIFS(Schedule!$C$2:$C$200,"PP6",Schedule!$J$2:$J$200,"Rose") -> 0 | AH13: =COUNTIFS(Schedule!$C$2:$C$200,"PP6",Schedule!$D$2:$D$200,"Katia")+COUNTIFS(Schedule!$C$2:$C$200,"PP6",Schedule!$E$2:$E$200,"Katia")+COUNTIFS(Schedule!$C$2:$C$200,"PP6",Schedule!$F$2:$F$200,"Katia")+COUNTIFS(Schedule!$C$2:$C$200,"PP6",Schedule!$G$2:$G$200,"Katia")+COUNTIFS(Schedule!$C$2:$C$200,"PP6",Schedule!$H$2:$H$200,"Katia")+COUNTIFS(Schedule!$C$2:$C$200,"PP6",Schedule!$I$2:$I$200,"Katia")+COUNTIFS(Schedule!$C$2:$C$200,"PP6",Schedule!$J$2:$J$200,"Katia") -> 0
B14: Katie | C14: Hayden | D14: John | E14: Maureen | F14: Mandie | G14: Caroline | H14: Kristin | I14: Radha | J14: Jamie | K14: Todd | L14: Matt | M14: Jen | N14: Kennedy | O14: Preet | P14: Rose | Q14: Katia | R14: Empty shifts | S14: =COUNTIFS(Schedule!$C$2:$C$200,"PP7",Schedule!$D$2:$D$200,"Katie")+COUNTIFS(Schedule!$C$2:$C$200,"PP7",Schedule!$E$2:$E$200,"Katie")+COUNTIFS(Schedule!$C$2:$C$200,"PP7",Schedule!$F$2:$F$200,"Katie")+COUNTIFS(Schedule!$C$2:$C$200,"PP7",Schedule!$G$2:$G$200,"Katie")+COUNTIFS(Schedule!$C$2:$C$200,"PP7",Schedule!$H$2:$H$200,"Katie")+COUNTIFS(Schedule!$C$2:$C$200,"PP7",Schedule!$I$2:$I$200,"Katie")+COUNTIFS(Schedule!$C$2:$C$200,"PP7",Schedule!$J$2:$J$200,"Katie") -> 5 | T14: =COUNTIFS(Schedule!$C$2:$C$200,"PP7",Schedule!$D$2:$D$200,"Hayden")+COUNTIFS(Schedule!$C$2:$C$200,"PP7",Schedule!$E$2:$E$200,"Hayden")+COUNTIFS(Schedule!$C$2:$C$200,"PP7",Schedule!$F$2:$F$200,"Hayden")+COUNTIFS(Schedule!$C$2:$C$200,"PP7",Schedule!$G$2:$G$200,"Hayden")+COUNTIFS(Schedule!$C$2:$C$200,"PP7",Schedule!$H$2:$H$200,"Hayden")+COUNTIFS(Schedule!$C$2:$C$200,"PP7",Schedule!$I$2:$I$200,"Hayden")+COUNTIFS(Schedule!$C$2:$C$200,"PP7",Schedule!$J$2:$J$200,"Hayden") -> 6 | U14: =COUNTIFS(Schedule!$C$2:$C$200,"PP7",Schedule!$D$2:$D$200,"John")+COUNTIFS(Schedule!$C$2:$C$200,"PP7",Schedule!$E$2:$E$200,"John")+COUNTIFS(Schedule!$C$2:$C$200,"PP7",Schedule!$F$2:$F$200,"John")+COUNTIFS(Schedule!$C$2:$C$200,"PP7",Schedule!$G$2:$G$200,"John")+COUNTIFS(Schedule!$C$2:$C$200,"PP7",Schedule!$H$2:$H$200,"John")+COUNTIFS(Schedule!$C$2:$C$200,"PP7",Schedule!$I$2:$I$200,"John")+COUNTIFS(Schedule!$C$2:$C$200,"PP7",Schedule!$J$2:$J$200,"John") -> 6 | V14: =COUNTIFS(Schedule!$C$2:$C$200,"PP7",Schedule!$D$2:$D$200,"Maureen")+COUNTIFS(Schedule!$C$2:$C$200,"PP7",Schedule!$E$2:$E$200,"Maureen")+COUNTIFS(Schedule!$C$2:$C$200,"PP7",Schedule!$F$2:$F$200,"Maureen")+COUNTIFS(Schedule!$C$2:$C$200,"PP7",Schedule!$G$2:$G$200,"Maureen")+COUNTIFS(Schedule!$C$2:$C$200,"PP7",Schedule!$H$2:$H$200,"Maureen")+COUNTIFS(Schedule!$C$2:$C$200,"PP7",Schedule!$I$2:$I$200,"Maureen")+COUNTIFS(Schedule!$C$2:$C$200,"PP7",Schedule!$J$2:$J$200,"Maureen") -> 6 | W14: =COUNTIFS(Schedule!$C$2:$C$200,"PP7",Schedule!$D$2:$D$200,"Mandie")+COUNTIFS(Schedule!$C$2:$C$200,"PP7",Schedule!$E$2:$E$200,"Mandie")+COUNTIFS(Schedule!$C$2:$C$200,"PP7",Schedule!$F$2:$F$200,"Mandie")+COUNTIFS(Schedule!$C$2:$C$200,"PP7",Schedule!$G$2:$G$200,"Mandie")+COUNTIFS(Schedule!$C$2:$C$200,"PP7",Schedule!$H$2:$H$200,"Mandie")+COUNTIFS(Schedule!$C$2:$C$200,"PP7",Schedule!$I$2:$I$200,"Mandie")+COUNTIFS(Schedule!$C$2:$C$200,"PP7",Schedule!$J$2:$J$200,"Mandie") -> 6 | X14: =COUNTIFS(Schedule!$C$2:$C$200,"PP7",Schedule!$D$2:$D$200,"Caroline")+COUNTIFS(Schedule!$C$2:$C$200,"PP7",Schedule!$E$2:$E$200,"Caroline")+COUNTIFS(Schedule!$C$2:$C$200,"PP7",Schedule!$F$2:$F$200,"Caroline")+COUNTIFS(Schedule!$C$2:$C$200,"PP7",Schedule!$G$2:$G$200,"Caroline")+COUNTIFS(Schedule!$C$2:$C$200,"PP7",Schedule!$H$2:$H$200,"Caroline")+COUNTIFS(Schedule!$C$2:$C$200,"PP7",Schedule!$I$2:$I$200,"Caroline")+COUNTIFS(Schedule!$C$2:$C$200,"PP7",Schedule!$J$2:$J$200,"Caroline") -> 6 | Y14: =COUNTIFS(Schedule!$C$2:$C$200,"PP7",Schedule!$D$2:$D$200,"Kristin")+COUNTIFS(Schedule!$C$2:$C$200,"PP7",Schedule!$E$2:$E$200,"Kristin")+COUNTIFS(Schedule!$C$2:$C$200,"PP7",Schedule!$F$2:$F$200,"Kristin")+COUNTIFS(Schedule!$C$2:$C$200,"PP7",Schedule!$G$2:$G$200,"Kristin")+COUNTIFS(Schedule!$C$2:$C$200,"PP7",Schedule!$H$2:$H$200,"Kristin")+COUNTIFS(Schedule!$C$2:$C$200,"PP7",Schedule!$I$2:$I$200,"Kristin")+COUNTIFS(Schedule!$C$2:$C$200,"PP7",Schedule!$J$2:$J$200,"Kristin") -> 6 | Z14: =COUNTIFS(Schedule!$C$2:$C$200,"PP7",Schedule!$D$2:$D$200,"Radha")+COUNTIFS(Schedule!$C$2:$C$200,"PP7",Schedule!$E$2:$E$200,"Radha")+COUNTIFS(Schedule!$C$2:$C$200,"PP7",Schedule!$F$2:$F$200,"Radha")+COUNTIFS(Schedule!$C$2:$C$200,"PP7",Schedule!$G$2:$G$200,"Radha")+COUNTIFS(Schedule!$C$2:$C$200,"PP7",Schedule!$H$2:$H$200,"Radha")+COUNTIFS(Schedule!$C$2:$C$200,"PP7",Schedule!$I$2:$I$200,"Radha")+COUNTIFS(Schedule!$C$2:$C$200,"PP7",Schedule!$J$2:$J$200,"Radha") -> 3 | AA14: =COUNTIFS(Schedule!$C$2:$C$200,"PP7",Schedule!$D$2:$D$200,"Jamie")+COUNTIFS(Schedule!$C$2:$C$200,"PP7",Schedule!$E$2:$E$200,"Jamie")+COUNTIFS(Schedule!$C$2:$C$200,"PP7",Schedule!$F$2:$F$200,"Jamie")+COUNTIFS(Schedule!$C$2:$C$200,"PP7",Schedule!$G$2:$G$200,"Jamie")+COUNTIFS(Schedule!$C$2:$C$200,"PP7",Schedule!$H$2:$H$200,"Jamie")+COUNTIFS(Schedule!$C$2:$C$200,"PP7",Schedule!$I$2:$I$200,"Jamie")+COUNTIFS(Schedule!$C$2:$C$200,"PP7",Schedule!$J$2:$J$200,"Jamie") -> 6 | AB14: =COUNTIFS(Schedule!$C$2:$C$200,"PP7",Schedule!$D$2:$D$200,"Todd")+COUNTIFS(Schedule!$C$2:$C$200,"PP7",Schedule!$E$2:$E$200,"Todd")+COUNTIFS(Schedule!$C$2:$C$200,"PP7",Schedule!$F$2:$F$200,"Todd")+COUNTIFS(Schedule!$C$2:$C$200,"PP7",Schedule!$G$2:$G$200,"Todd")+COUNTIFS(Schedule!$C$2:$C$200,"PP7",Schedule!$H$2:$H$200,"Todd")+COUNTIFS(Schedule!$C$2:$C$200,"PP7",Schedule!$I$2:$I$200,"Todd")+COUNTIFS(Schedule!$C$2:$C$200,"PP7",Schedule!$J$2:$J$200,"Todd") -> 6 | AC14: =COUNTIFS(Schedule!$C$2:$C$200,"PP7",Schedule!$D$2:$D$200,"Matt")+COUNTIFS(Schedule!$C$2:$C$200,"PP7",Schedule!$E$2:$E$200,"Matt")+COUNTIFS(Schedule!$C$2:$C$200,"PP7",Schedule!$F$2:$F$200,"Matt")+COUNTIFS(Schedule!$C$2:$C$200,"PP7",Schedule!$G$2:$G$200,"Matt")+COUNTIFS(Schedule!$C$2:$C$200,"PP7",Schedule!$H$2:$H$200,"Matt")+COUNTIFS(Schedule!$C$2:$C$200,"PP7",Schedule!$I$2:$I$200,"Matt")+COUNTIFS(Schedule!$C$2:$C$200,"PP7",Schedule!$J$2:$J$200,"Matt") -> 0 | AD14: =COUNTIFS(Schedule!$C$2:$C$200,"PP7",Schedule!$D$2:$D$200,"Jen")+COUNTIFS(Schedule!$C$2:$C$200,"PP7",Schedule!$E$2:$E$200,"Jen")+COUNTIFS(Schedule!$C$2:$C$200,"PP7",Schedule!$F$2:$F$200,"Jen")+COUNTIFS(Schedule!$C$2:$C$200,"PP7",Schedule!$G$2:$G$200,"Jen")+COUNTIFS(Schedule!$C$2:$C$200,"PP7",Schedule!$H$2:$H$200,"Jen")+COUNTIFS(Schedule!$C$2:$C$200,"PP7",Schedule!$I$2:$I$200,"Jen")+COUNTIFS(Schedule!$C$2:$C$200,"PP7",Schedule!$J$2:$J$200,"Jen") -> 0 | AE14: =COUNTIFS(Schedule!$C$2:$C$200,"PP7",Schedule!$D$2:$D$200,"Kennedy")+COUNTIFS(Schedule!$C$2:$C$200,"PP7",Schedule!$E$2:$E$200,"Kennedy")+COUNTIFS(Schedule!$C$2:$C$200,"PP7",Schedule!$F$2:$F$200,"Kennedy")+COUNTIFS(Schedule!$C$2:$C$200,"PP7",Schedule!$G$2:$G$200,"Kennedy")+COUNTIFS(Schedule!$C$2:$C$200,"PP7",Schedule!$H$2:$H$200,"Kennedy")+COUNTIFS(Schedule!$C$2:$C$200,"PP7",Schedule!$I$2:$I$200,"Kennedy")+COUNTIFS(Schedule!$C$2:$C$200,"PP7",Schedule!$J$2:$J$200,"Kennedy") -> 0 | AF14: =COUNTIFS(Schedule!$C$2:$C$200,"PP7",Schedule!$D$2:$D$200,"Preet")+COUNTIFS(Schedule!$C$2:$C$200,"PP7",Schedule!$E$2:$E$200,"Preet")+COUNTIFS(Schedule!$C$2:$C$200,"PP7",Schedule!$F$2:$F$200,"Preet")+COUNTIFS(Schedule!$C$2:$C$200,"PP7",Schedule!$G$2:$G$200,"Preet")+COUNTIFS(Schedule!$C$2:$C$200,"PP7",Schedule!$H$2:$H$200,"Preet")+COUNTIFS(Schedule!$C$2:$C$200,"PP7",Schedule!$I$2:$I$200,"Preet")+COUNTIFS(Schedule!$C$2:$C$200,"PP7",Schedule!$J$2:$J$200,"Preet") -> 0 | AG14: =COUNTIFS(Schedule!$C$2:$C$200,"PP7",Schedule!$D$2:$D$200,"Rose")+COUNTIFS(Schedule!$C$2:$C$200,"PP7",Schedule!$E$2:$E$200,"Rose")+COUNTIFS(Schedule!$C$2:$C$200,"PP7",Schedule!$F$2:$F$200,"Rose")+COUNTIFS(Schedule!$C$2:$C$200,"PP7",Schedule!$G$2:$G$200,"Rose")+COUNTIFS(Schedule!$C$2:$C$200,"PP7",Schedule!$H$2:$H$200,"Rose")+COUNTIFS(Schedule!$C$2:$C$200,"PP7",Schedule!$I$2:$I$200,"Rose")+COUNTIFS(Schedule!$C$2:$C$200,"PP7",Schedule!$J$2:$J$200,"Rose") -> 0 | AH14: =COUNTIFS(Schedule!$C$2:$C$200,"PP7",Schedule!$D$2:$D$200,"Katia")+COUNTIFS(Schedule!$C$2:$C$200,"PP7",Schedule!$E$2:$E$200,"Katia")+COUNTIFS(Schedule!$C$2:$C$200,"PP7",Schedule!$F$2:$F$200,"Katia")+COUNTIFS(Schedule!$C$2:$C$200,"PP7",Schedule!$G$2:$G$200,"Katia")+COUNTIFS(Schedule!$C$2:$C$200,"PP7",Schedule!$H$2:$H$200,"Katia")+COUNTIFS(Schedule!$C$2:$C$200,"PP7",Schedule!$I$2:$I$200,"Katia")+COUNTIFS(Schedule!$C$2:$C$200,"PP7",Schedule!$J$2:$J$200,"Katia") -> 0
A15: PP1 (Oct 26 – Nov 08) | B15: =(S8+0+MAX(COUNTIFS(Schedule!$C$2:$C$200,"PP1",Schedule!$K$2:$K$200,"PTO"),0))&"/6"&IF(MAX(COUNTIFS(Schedule!$C$2:$C$200,"PP1",Schedule!$K$2:$K$200,"PTO"),0)>0," "&MAX(COUNTIFS(Schedule!$C$2:$C$200,"PP1",Schedule!$K$2:$K$200,"PTO"),0)&" PTO","") -> 6/6 | C15: =(T8+0+MAX(COUNTIFS(Schedule!$C$2:$C$200,"PP1",Schedule!$L$2:$L$200,"PTO"),1))&"/6"&IF(MAX(COUNTIFS(Schedule!$C$2:$C$200,"PP1",Schedule!$L$2:$L$200,"PTO"),1)>0," "&MAX(COUNTIFS(Schedule!$C$2:$C$200,"PP1",Schedule!$L$2:$L$200,"PTO"),1)&" PTO","") -> 6/6 1 PTO | D15: =(U8+0+MAX(COUNTIFS(Schedule!$C$2:$C$200,"PP1",Schedule!$M$2:$M$200,"PTO"),0))&"/6"&IF(MAX(COUNTIFS(Schedule!$C$2:$C$200,"PP1",Schedule!$M$2:$M$200,"PTO"),0)>0," "&MAX(COUNTIFS(Schedule!$C$2:$C$200,"PP1",Schedule!$M$2:$M$200,"PTO"),0)&" PTO","") -> 6/6 | E15: =(V8+2+MAX(COUNTIFS(Schedule!$C$2:$C$200,"PP1",Schedule!$N$2:$N$200,"PTO"),0))&"/6"&IF(MAX(COUNTIFS(Schedule!$C$2:$C$200,"PP1",Schedule!$N$2:$N$200,"PTO"),0)>0," 2 CME, "&MAX(COUNTIFS(Schedule!$C$2:$C$200,"PP1",Schedule!$N$2:$N$200,"PTO"),0)&" PTO"," 2 CME") -> 6/6 2 CME | F15: =(W8+0+MAX(COUNTIFS(Schedule!$C$2:$C$200,"PP1",Schedule!$O$2:$O$200,"PTO"),1))&"/6"&IF(MAX(COUNTIFS(Schedule!$C$2:$C$200,"PP1",Schedule!$O$2:$O$200,"PTO"),1)>0," "&MAX(COUNTIFS(Schedule!$C$2:$C$200,"PP1",Schedule!$O$2:$O$200,"PTO"),1)&" PTO","") -> 6/6 1 PTO | G15: =(X8+2+MAX(COUNTIFS(Schedule!$C$2:$C$200,"PP1",Schedule!$P$2:$P$200,"PTO"),0))&"/6"&IF(MAX(COUNTIFS(Schedule!$C$2:$C$200,"PP1",Schedule!$P$2:$P$200,"PTO"),0)>0," 2 CME, "&MAX(COUNTIFS(Schedule!$C$2:$C$200,"PP1",Schedule!$P$2:$P$200,"PTO"),0)&" PTO"," 2 CME") -> 6/6 2 CME | H15: =(Y8+2+MAX(COUNTIFS(Schedule!$C$2:$C$200,"PP1",Schedule!$Q$2:$Q$200,"PTO"),0))&"/6"&IF(MAX(COUNTIFS(Schedule!$C$2:$C$200,"PP1",Schedule!$Q$2:$Q$200,"PTO"),0)>0," 2 CME, "&MAX(COUNTIFS(Schedule!$C$2:$C$200,"PP1",Schedule!$Q$2:$Q$200,"PTO"),0)&" PTO"," 2 CME") -> 6/6 2 CME | I15: =(Z8+0+MAX(COUNTIFS(Schedule!$C$2:$C$200,"PP1",Schedule!$R$2:$R$200,"PTO"),0))&"/6"&IF(MAX(COUNTIFS(Schedule!$C$2:$C$200,"PP1",Schedule!$R$2:$R$200,"PTO"),0)>0," "&MAX(COUNTIFS(Schedule!$C$2:$C$200,"PP1",Schedule!$R$2:$R$200,"PTO"),0)&" PTO","") -> 6/6 | J15: =(AA8+0+MAX(COUNTIFS(Schedule!$C$2:$C$200,"PP1",Schedule!$S$2:$S$200,"PTO"),6))&"/6"&IF(MAX(COUNTIFS(Schedule!$C$2:$C$200,"PP1",Schedule!$S$2:$S$200,"PTO"),6)>0," "&MAX(COUNTIFS(Schedule!$C$2:$C$200,"PP1",Schedule!$S$2:$S$200,"PTO"),6)&" PTO","") -> 6/6 6 PTO | K15: =(AB8+0+MAX(COUNTIFS(Schedule!$C$2:$C$200,"PP1",Schedule!$T$2:$T$200,"PTO"),0))&"/6"&IF(MAX(COUNTIFS(Schedule!$C$2:$C$200,"PP1",Schedule!$T$2:$T$200,"PTO"),0)>0," "&MAX(COUNTIFS(Schedule!$C$2:$C$200,"PP1",Schedule!$T$2:$T$200,"PTO"),0)&" PTO","") -> 6/6 | L15: =(AC8+0+MAX(COUNTIFS(Schedule!$C$2:$C$200,"PP1",Schedule!$U$2:$U$200,"PTO"),0))&"/0"&IF(MAX(COUNTIFS(Schedule!$C$2:$C$200,"PP1",Schedule!$U$2:$U$200,"PTO"),0)>0," "&MAX(COUNTIFS(Schedule!$C$2:$C$200,"PP1",Schedule!$U$2:$U$200,"PTO"),0)&" PTO","") -> 0/0 | M15: =(AD8+0+MAX(COUNTIFS(Schedule!$C$2:$C$200,"PP1",Schedule!$V$2:$V$200,"PTO"),0))&"/0"&IF(MAX(COUNTIFS(Schedule!$C$2:$C$200,"PP1",Schedule!$V$2:$V$200,"PTO"),0)>0," "&MAX(COUNTIFS(Schedule!$C$2:$C$200,"PP1",Schedule!$V$2:$V$200,"PTO"),0)&" PTO","") -> 0/0 | N15: =(AE8+0+MAX(COUNTIFS(Schedule!$C$2:$C$200,"PP1",Schedule!$W$2:$W$200,"PTO"),0))&"/0"&IF(MAX(COUNTIFS(Schedule!$C$2:$C$200,"PP1",Schedule!$W$2:$W$200,"PTO"),0)>0," "&MAX(COUNTIFS(Schedule!$C$2:$C$200,"PP1",Schedule!$W$2:$W$200,"PTO"),0)&" PTO","") -> 0/0 | O15: =(AF8+0+MAX(COUNTIFS(Schedule!$C$2:$C$200,"PP1",Schedule!$X$2:$X$200,"PTO"),0))&"/0"&IF(MAX(COUNTIFS(Schedule!$C$2:$C$200,"PP1",Schedule!$X$2:$X$200,"PTO"),0)>0," "&MAX(COUNTIFS(Schedule!$C$2:$C$200,"PP1",Schedule!$X$2:$X$200,"PTO"),0)&" PTO","") -> 0/0 | P15: =(AG8+0+MAX(COUNTIFS(Schedule!$C$2:$C$200,"PP1",Schedule!$Y$2:$Y$200,"PTO"),0))&"/0"&IF(MAX(COUNTIFS(Schedule!$C$2:$C$200,"PP1",Schedule!$Y$2:$Y$200,"PTO"),0)>0," "&MAX(COUNTIFS(Schedule!$C$2:$C$200,"PP1",Schedule!$Y$2:$Y$200,"PTO"),0)&" PTO","") -> 0/0 | Q15: =(AH8+0+MAX(COUNTIFS(Schedule!$C$2:$C$200,"PP1",Schedule!$Z$2:$Z$200,"PTO"),0))&"/0"&IF(MAX(COUNTIFS(Schedule!$C$2:$C$200,"PP1",Schedule!$Z$2:$Z$200,"PTO"),0)>0," "&MAX(COUNTIFS(Schedule!$C$2:$C$200,"PP1",Schedule!$Z$2:$Z$200,"PTO"),0)&" PTO","") -> 0/0 | R15: =COUNTBLANK(Schedule!$D$4:$G$17) -> 10
A16: PP2 (Nov 09 – Nov 22) | B16: =(S9+0+MAX(COUNTIFS(Schedule!$C$2:$C$200,"PP2",Schedule!$K$2:$K$200,"PTO"),0))&"/6"&IF(MAX(COUNTIFS(Schedule!$C$2:$C$200,"PP2",Schedule!$K$2:$K$200,"PTO"),0)>0," "&MAX(COUNTIFS(Schedule!$C$2:$C$200,"PP2",Schedule!$K$2:$K$200,"PTO"),0)&" PTO","") -> 6/6 | C16: =(T9+1+MAX(COUNTIFS(Schedule!$C$2:$C$200,"PP2",Schedule!$L$2:$L$200,"PTO"),0))&"/6"&IF(MAX(COUNTIFS(Schedule!$C$2:$C$200,"PP2",Schedule!$L$2:$L$200,"PTO"),0)>0," 1 CME, "&MAX(COUNTIFS(Schedule!$C$2:$C$200,"PP2",Schedule!$L$2:$L$200,"PTO"),0)&" PTO"," 1 CME") -> 6/6 1 CME | D16: =(U9+0+MAX(COUNTIFS(Schedule!$C$2:$C$200,"PP2",Schedule!$M$2:$M$200,"PTO"),0))&"/6"&IF(MAX(COUNTIFS(Schedule!$C$2:$C$200,"PP2",Schedule!$M$2:$M$200,"PTO"),0)>0," "&MAX(COUNTIFS(Schedule!$C$2:$C$200,"PP2",Schedule!$M$2:$M$200,"PTO"),0)&" PTO","") -> 6/6 | E16: =(V9+1+MAX(COUNTIFS(Schedule!$C$2:$C$200,"PP2",Schedule!$N$2:$N$200,"PTO"),0))&"/6"&IF(MAX(COUNTIFS(Schedule!$C$2:$C$200,"PP2",Schedule!$N$2:$N$200,"PTO"),0)>0," 1 CME, "&MAX(COUNTIFS(Schedule!$C$2:$C$200,"PP2",Schedule!$N$2:$N$200,"PTO"),0)&" PTO"," 1 CME") -> 6/6 1 CME | F16: =(W9+1+MAX(COUNTIFS(Schedule!$C$2:$C$200,"PP2",Schedule!$O$2:$O$200,"PTO"),0))&"/6"&IF(MAX(COUNTIFS(Schedule!$C$2:$C$200,"PP2",Schedule!$O$2:$O$200,"PTO"),0)>0," 1 CME, "&MAX(COUNTIFS(Schedule!$C$2:$C$200,"PP2",Schedule!$O$2:$O$200,"PTO"),0)&" PTO"," 1 CME") -> 6/6 1 CME | G16: =(X9+0+MAX(COUNTIFS(Schedule!$C$2:$C$200,"PP3",Schedule!$Q$2:$Q$200,"PTO"),0))&"/6"&IF(MAX(COUNTIFS(Schedule!$C$2:$C$200,"PP3",Schedule!$Q$2:$Q$200,"PTO"),0)>0," "&MAX(COUNTIFS(Schedule!$C$2:$C$200,"PP3",Schedule!$Q$2:$Q$200,"PTO"),0)&" PTO","") -> 6/6 | H16: =(Y9+1+MAX(COUNTIFS(Schedule!$C$2:$C$200,"PP2",Schedule!$Q$2:$Q$200,"PTO"),0))&"/6"&IF(MAX(COUNTIFS(Schedule!$C$2:$C$200,"PP2",Schedule!$Q$2:$Q$200,"PTO"),0)>0," 1 CME, "&MAX(COUNTIFS(Schedule!$C$2:$C$200,"PP2",Schedule!$Q$2:$Q$200,"PTO"),0)&" PTO"," 1 CME") -> 6/6 1 CME | I16: =(Z9+0+MAX(COUNTIFS(Schedule!$C$2:$C$200,"PP2",Schedule!$R$2:$R$200,"PTO"),1))&"/6"&IF(MAX(COUNTIFS(Schedule!$C$2:$C$200,"PP2",Schedule!$R$2:$R$200,"PTO"),1)>0," "&MAX(COUNTIFS(Schedule!$C$2:$C$200,"PP2",Schedule!$R$2:$R$200,"PTO"),1)&" PTO","") -> 6/6 1 PTO | J16: =(AA9+0+MAX(COUNTIFS(Schedule!$C$2:$C$200,"PP2",Schedule!$S$2:$S$200,"PTO"),6))&"/6"&IF(MAX(COUNTIFS(Schedule!$C$2:$C$200,"PP2",Schedule!$S$2:$S$200,"PTO"),6)>0," "&MAX(COUNTIFS(Schedule!$C$2:$C$200,"PP2",Schedule!$S$2:$S$200,"PTO"),6)&" PTO","") -> 6/6 6 PTO | K16: =(AB9+1+MAX(COUNTIFS(Schedule!$C$2:$C$200,"PP2",Schedule!$T$2:$T$200,"PTO"),0))&"/6"&IF(MAX(COUNTIFS(Schedule!$C$2:$C$200,"PP2",Schedule!$T$2:$T$200,"PTO"),0)>0," 1 CME, "&MAX(COUNTIFS(Schedule!$C$2:$C$200,"PP2",Schedule!$T$2:$T$200,"PTO"),0)&" PTO"," 1 CME") -> 6/6 1 CME | L16: =(AC9+0+MAX(COUNTIFS(Schedule!$C$2:$C$200,"PP2",Schedule!$U$2:$U$200,"PTO"),0))&"/0"&IF(MAX(COUNTIFS(Schedule!$C$2:$C$200,"PP2",Schedule!$U$2:$U$200,"PTO"),0)>0," "&MAX(COUNTIFS(Schedule!$C$2:$C$200,"PP2",Schedule!$U$2:$U$200,"PTO"),0)&" PTO","") -> 0/0 | M16: =(AD9+0+MAX(COUNTIFS(Schedule!$C$2:$C$200,"PP2",Schedule!$V$2:$V$200,"PTO"),0))&"/0"&IF(MAX(COUNTIFS(Schedule!$C$2:$C$200,"PP2",Schedule!$V$2:$V$200,"PTO"),0)>0," "&MAX(COUNTIFS(Schedule!$C$2:$C$200,"PP2",Schedule!$V$2:$V$200,"PTO"),0)&" PTO","") -> 0/0 | N16: =(AE9+0+MAX(COUNTIFS(Schedule!$C$2:$C$200,"PP2",Schedule!$W$2:$W$200,"PTO"),0))&"/0"&IF(MAX(COUNTIFS(Schedule!$C$2:$C$200,"PP2",Schedule!$W$2:$W$200,"PTO"),0)>0," "&MAX(COUNTIFS(Schedule!$C$2:$C$200,"PP2",Schedule!$W$2:$W$200,"PTO"),0)&" PTO","") -> 0/0 | O16: =(AF9+0+MAX(COUNTIFS(Schedule!$C$2:$C$200,"PP2",Schedule!$X$2:$X$200,"PTO"),0))&"/0"&IF(MAX(COUNTIFS(Schedule!$C$2:$C$200,"PP2",Schedule!$X$2:$X$200,"PTO"),0)>0," "&MAX(COUNTIFS(Schedule!$C$2:$C$200,"PP2",Schedule!$X$2:$X$200,"PTO"),0)&" PTO","") -> 0/0 | P16: =(AG9+0+MAX(COUNTIFS(Schedule!$C$2:$C$200,"PP2",Schedule!$Y$2:$Y$200,"PTO"),0))&"/0"&IF(MAX(COUNTIFS(Schedule!$C$2:$C$200,"PP2",Schedule!$Y$2:$Y$200,"PTO"),0)>0," "&MAX(COUNTIFS(Schedule!$C$2:$C$200,"PP2",Schedule!$Y$2:$Y$200,"PTO"),0)&" PTO","") -> 0/0 | Q16: =(AH9+0+MAX(COUNTIFS(Schedule!$C$2:$C$200,"PP2",Schedule!$Z$2:$Z$200,"PTO"),0))&"/0"&IF(MAX(COUNTIFS(Schedule!$C$2:$C$200,"PP2",Schedule!$Z$2:$Z$200,"PTO"),0)>0," "&MAX(COUNTIFS(Schedule!$C$2:$C$200,"PP2",Schedule!$Z$2:$Z$200,"PTO"),0)&" PTO","") -> 0/0 | R16: =COUNTBLANK(Schedule!$D$19:$G$32) -> 8
A17: PP3 (Nov 23 – Dec 06) | B17: =(S10+0+MAX(COUNTIFS(Schedule!$C$2:$C$200,"PP3",Schedule!$K$2:$K$200,"PTO"),0))&"/6"&IF(MAX(COUNTIFS(Schedule!$C$2:$C$200,"PP3",Schedule!$K$2:$K$200,"PTO"),0)>0," "&MAX(COUNTIFS(Schedule!$C$2:$C$200,"PP3",Schedule!$K$2:$K$200,"PTO"),0)&" PTO","") -> 6/6 | C17: =(T10+0+MAX(COUNTIFS(Schedule!$C$2:$C$200,"PP3",Schedule!$L$2:$L$200,"PTO"),0))&"/6"&IF(MAX(COUNTIFS(Schedule!$C$2:$C$200,"PP3",Schedule!$L$2:$L$200,"PTO"),0)>0," "&MAX(COUNTIFS(Schedule!$C$2:$C$200,"PP3",Schedule!$L$2:$L$200,"PTO"),0)&" PTO","") -> 6/6 | D17: =(U10+0+MAX(COUNTIFS(Schedule!$C$2:$C$200,"PP3",Schedule!$M$2:$M$200,"PTO"),0))&"/6"&IF(MAX(COUNTIFS(Schedule!$C$2:$C$200,"PP3",Schedule!$M$2:$M$200,"PTO"),0)>0," "&MAX(COUNTIFS(Schedule!$C$2:$C$200,"PP3",Schedule!$M$2:$M$200,"PTO"),0)&" PTO","") -> 6/6 | E17: =(V10+0+MAX(COUNTIFS(Schedule!$C$2:$C$200,"PP3",Schedule!$N$2:$N$200,"PTO"),0))&"/6"&IF(MAX(COUNTIFS(Schedule!$C$2:$C$200,"PP3",Schedule!$N$2:$N$200,"PTO"),0)>0," "&MAX(COUNTIFS(Schedule!$C$2:$C$200,"PP3",Schedule!$N$2:$N$200,"PTO"),0)&" PTO","") -> 6/6 | F17: =(W10+0+MAX(COUNTIFS(Schedule!$C$2:$C$200,"PP3",Schedule!$O$2:$O$200,"PTO"),0))&"/6"&IF(MAX(COUNTIFS(Schedule!$C$2:$C$200,"PP3",Schedule!$O$2:$O$200,"PTO"),0)>0," "&MAX(COUNTIFS(Schedule!$C$2:$C$200,"PP3",Schedule!$O$2:$O$200,"PTO"),0)&" PTO","") -> 6/6 | G17: =(X10+0+MAX(COUNTIFS(Schedule!$C$2:$C$200,"PP3",Schedule!$P$2:$P$200,"PTO"),2))&"/6"&IF(MAX(COUNTIFS(Schedule!$C$2:$C$200,"PP3",Schedule!$P$2:$P$200,"PTO"),2)>0," "&MAX(COUNTIFS(Schedule!$C$2:$C$200,"PP3",Schedule!$P$2:$P$200,"PTO"),2)&" PTO","") -> 5/6 2 PTO | H17: =(Y10+0+MAX(COUNTIFS(Schedule!$C$2:$C$200,"PP3",Schedule!$Q$2:$Q$200,"PTO"),0))&"/6"&IF(MAX(COUNTIFS(Schedule!$C$2:$C$200,"PP3",Schedule!$Q$2:$Q$200,"PTO"),0)>0," "&MAX(COUNTIFS(Schedule!$C$2:$C$200,"PP3",Schedule!$Q$2:$Q$200,"PTO"),0)&" PTO","") -> 6/6 | I17: =(Z10+0+MAX(COUNTIFS(Schedule!$C$2:$C$200,"PP3",Schedule!$R$2:$R$200,"PTO"),0))&"/6"&IF(MAX(COUNTIFS(Schedule!$C$2:$C$200,"PP3",Schedule!$R$2:$R$200,"PTO"),0)>0," "&MAX(COUNTIFS(Schedule!$C$2:$C$200,"PP3",Schedule!$R$2:$R$200,"PTO"),0)&" PTO","") -> 6/6 | J17: =(AA10+0+MAX(COUNTIFS(Schedule!$C$2:$C$200,"PP3",Schedule!$S$2:$S$200,"PTO"),6))&"/6"&IF(MAX(COUNTIFS(Schedule!$C$2:$C$200,"PP3",Schedule!$S$2:$S$200,"PTO"),6)>0," "&MAX(COUNTIFS(Schedule!$C$2:$C$200,"PP3",Schedule!$S$2:$S$200,"PTO"),6)&" PTO","") -> 6/6 6 PTO | K17: =(AB10+0+MAX(COUNTIFS(Schedule!$C$2:$C$200,"PP3",Schedule!$T$2:$T$200,"PTO"),1))&"/6"&IF(MAX(COUNTIFS(Schedule!$C$2:$C$200,"PP3",Schedule!$T$2:$T$200,"PTO"),1)>0," "&MAX(COUNTIFS(Schedule!$C$2:$C$200,"PP3",Schedule!$T$2:$T$200,"PTO"),1)&" PTO","") -> 5/6 1 PTO | L17: =(AC10+0+MAX(COUNTIFS(Schedule!$C$2:$C$200,"PP3",Schedule!$U$2:$U$200,"PTO"),0))&"/0"&IF(MAX(COUNTIFS(Schedule!$C$2:$C$200,"PP3",Schedule!$U$2:$U$200,"PTO"),0)>0," "&MAX(COUNTIFS(Schedule!$C$2:$C$200,"PP3",Schedule!$U$2:$U$200,"PTO"),0)&" PTO","") -> 0/0 | M17: =(AD10+0+MAX(COUNTIFS(Schedule!$C$2:$C$200,"PP3",Schedule!$V$2:$V$200,"PTO"),0))&"/0"&IF(MAX(COUNTIFS(Schedule!$C$2:$C$200,"PP3",Schedule!$V$2:$V$200,"PTO"),0)>0," "&MAX(COUNTIFS(Schedule!$C$2:$C$200,"PP3",Schedule!$V$2:$V$200,"PTO"),0)&" PTO","") -> 0/0 | N17: =(AE10+0+MAX(COUNTIFS(Schedule!$C$2:$C$200,"PP3",Schedule!$W$2:$W$200,"PTO"),0))&"/0"&IF(MAX(COUNTIFS(Schedule!$C$2:$C$200,"PP3",Schedule!$W$2:$W$200,"PTO"),0)>0," "&MAX(COUNTIFS(Schedule!$C$2:$C$200,"PP3",Schedule!$W$2:$W$200,"PTO"),0)&" PTO","") -> 0/0 | O17: =(AF10+0+MAX(COUNTIFS(Schedule!$C$2:$C$200,"PP3",Schedule!$X$2:$X$200,"PTO"),0))&"/0"&IF(MAX(COUNTIFS(Schedule!$C$2:$C$200,"PP3",Schedule!$X$2:$X$200,"PTO"),0)>0," "&MAX(COUNTIFS(Schedule!$C$2:$C$200,"PP3",Schedule!$X$2:$X$200,"PTO"),0)&" PTO","") -> 0/0 | P17: =(AG10+0+MAX(COUNTIFS(Schedule!$C$2:$C$200,"PP3",Schedule!$Y$2:$Y$200,"PTO"),0))&"/0"&IF(MAX(COUNTIFS(Schedule!$C$2:$C$200,"PP3",Schedule!$Y$2:$Y$200,"PTO"),0)>0," "&MAX(COUNTIFS(Schedule!$C$2:$C$200,"PP3",Schedule!$Y$2:$Y$200,"PTO"),0)&" PTO","") -> 0/0 | Q17: =(AH10+0+MAX(COUNTIFS(Schedule!$C$2:$C$200,"PP3",Schedule!$Z$2:$Z$200,"PTO"),0))&"/0"&IF(MAX(COUNTIFS(Schedule!$C$2:$C$200,"PP3",Schedule!$Z$2:$Z$200,"PTO"),0)>0," "&MAX(COUNTIFS(Schedule!$C$2:$C$200,"PP3",Schedule!$Z$2:$Z$200,"PTO"),0)&" PTO","") -> 0/0 | R17: =COUNTBLANK(Schedule!$D$34:$G$47) -> 7
A18: PP4 (Dec 07 – Dec 20) | B18: =(S11+0+MAX(COUNTIFS(Schedule!$C$2:$C$200,"PP4",Schedule!$K$2:$K$200,"PTO"),1))&"/6"&IF(MAX(COUNTIFS(Schedule!$C$2:$C$200,"PP4",Schedule!$K$2:$K$200,"PTO"),1)>0," "&MAX(COUNTIFS(Schedule!$C$2:$C$200,"PP4",Schedule!$K$2:$K$200,"PTO"),1)&" PTO","") -> 6/6 1 PTO | C18: =(T11+0+MAX(COUNTIFS(Schedule!$C$2:$C$200,"PP4",Schedule!$L$2:$L$200,"PTO"),0))&"/6"&IF(MAX(COUNTIFS(Schedule!$C$2:$C$200,"PP4",Schedule!$L$2:$L$200,"PTO"),0)>0," "&MAX(COUNTIFS(Schedule!$C$2:$C$200,"PP4",Schedule!$L$2:$L$200,"PTO"),0)&" PTO","") -> 6/6 | D18: =(U11+0+MAX(COUNTIFS(Schedule!$C$2:$C$200,"PP4",Schedule!$M$2:$M$200,"PTO"),0))&"/6"&IF(MAX(COUNTIFS(Schedule!$C$2:$C$200,"PP4",Schedule!$M$2:$M$200,"PTO"),0)>0," "&MAX(COUNTIFS(Schedule!$C$2:$C$200,"PP4",Schedule!$M$2:$M$200,"PTO"),0)&" PTO","") -> 6/6 | E18: =(V11+0+MAX(COUNTIFS(Schedule!$C$2:$C$200,"PP4",Schedule!$N$2:$N$200,"PTO"),0))&"/6"&IF(MAX(COUNTIFS(Schedule!$C$2:$C$200,"PP4",Schedule!$N$2:$N$200,"PTO"),0)>0," "&MAX(COUNTIFS(Schedule!$C$2:$C$200,"PP4",Schedule!$N$2:$N$200,"PTO"),0)&" PTO","") -> 6/6 | F18: =(W11+0+MAX(COUNTIFS(Schedule!$C$2:$C$200,"PP4",Schedule!$O$2:$O$200,"PTO"),0))&"/6"&IF(MAX(COUNTIFS(Schedule!$C$2:$C$200,"PP4",Schedule!$O$2:$O$200,"PTO"),0)>0," "&MAX(COUNTIFS(Schedule!$C$2:$C$200,"PP4",Schedule!$O$2:$O$200,"PTO"),0)&" PTO","") -> 6/6 | G18: =(X11+0+MAX(COUNTIFS(Schedule!$C$2:$C$200,"PP4",Schedule!$P$2:$P$200,"PTO"),0))&"/6"&IF(MAX(COUNTIFS(Schedule!$C$2:$C$200,"PP4",Schedule!$P$2:$P$200,"PTO"),0)>0," "&MAX(COUNTIFS(Schedule!$C$2:$C$200,"PP4",Schedule!$P$2:$P$200,"PTO"),0)&" PTO","") -> 6/6 | H18: =(Y11+0+MAX(COUNTIFS(Schedule!$C$2:$C$200,"PP4",Schedule!$Q$2:$Q$200,"PTO"),0))&"/6"&IF(MAX(COUNTIFS(Schedule!$C$2:$C$200,"PP4",Schedule!$Q$2:$Q$200,"PTO"),0)>0," "&MAX(COUNTIFS(Schedule!$C$2:$C$200,"PP4",Schedule!$Q$2:$Q$200,"PTO"),0)&" PTO","") -> 6/6 | I18: =(Z11+0+MAX(COUNTIFS(Schedule!$C$2:$C$200,"PP4",Schedule!$R$2:$R$200,"PTO"),0))&"/6"&IF(MAX(COUNTIFS(Schedule!$C$2:$C$200,"PP4",Schedule!$R$2:$R$200,"PTO"),0)>0," "&MAX(COUNTIFS(Schedule!$C$2:$C$200,"PP4",Schedule!$R$2:$R$200,"PTO"),0)&" PTO","") -> 6/6 | J18: =(AA11+0+MAX(COUNTIFS(Schedule!$C$2:$C$200,"PP4",Schedule!$S$2:$S$200,"PTO"),6))&"/6"&IF(MAX(COUNTIFS(Schedule!$C$2:$C$200,"PP4",Schedule!$S$2:$S$200,"PTO"),6)>0," "&MAX(COUNTIFS(Schedule!$C$2:$C$200,"PP4",Schedule!$S$2:$S$200,"PTO"),6)&" PTO","") -> 6/6 6 PTO | K18: =(AB11+0+MAX(COUNTIFS(Schedule!$C$2:$C$200,"PP4",Schedule!$T$2:$T$200,"PTO"),0))&"/6"&IF(MAX(COUNTIFS(Schedule!$C$2:$C$200,"PP4",Schedule!$T$2:$T$200,"PTO"),0)>0," "&MAX(COUNTIFS(Schedule!$C$2:$C$200,"PP4",Schedule!$T$2:$T$200,"PTO"),0)&" PTO","") -> 6/6 | L18: =(AC11+0+MAX(COUNTIFS(Schedule!$C$2:$C$200,"PP4",Schedule!$U$2:$U$200,"PTO"),0))&"/0"&IF(MAX(COUNTIFS(Schedule!$C$2:$C$200,"PP4",Schedule!$U$2:$U$200,"PTO"),0)>0," "&MAX(COUNTIFS(Schedule!$C$2:$C$200,"PP4",Schedule!$U$2:$U$200,"PTO"),0)&" PTO","") -> 0/0 | M18: =(AD11+0+MAX(COUNTIFS(Schedule!$C$2:$C$200,"PP4",Schedule!$V$2:$V$200,"PTO"),0))&"/0"&IF(MAX(COUNTIFS(Schedule!$C$2:$C$200,"PP4",Schedule!$V$2:$V$200,"PTO"),0)>0," "&MAX(COUNTIFS(Schedule!$C$2:$C$200,"PP4",Schedule!$V$2:$V$200,"PTO"),0)&" PTO","") -> 0/0 | N18: =(AE11+0+MAX(COUNTIFS(Schedule!$C$2:$C$200,"PP4",Schedule!$W$2:$W$200,"PTO"),0))&"/0"&IF(MAX(COUNTIFS(Schedule!$C$2:$C$200,"PP4",Schedule!$W$2:$W$200,"PTO"),0)>0," "&MAX(COUNTIFS(Schedule!$C$2:$C$200,"PP4",Schedule!$W$2:$W$200,"PTO"),0)&" PTO","") -> 0/0 | O18: =(AF11+0+MAX(COUNTIFS(Schedule!$C$2:$C$200,"PP4",Schedule!$X$2:$X$200,"PTO"),0))&"/0"&IF(MAX(COUNTIFS(Schedule!$C$2:$C$200,"PP4",Schedule!$X$2:$X$200,"PTO"),0)>0," "&MAX(COUNTIFS(Schedule!$C$2:$C$200,"PP4",Schedule!$X$2:$X$200,"PTO"),0)&" PTO","") -> 0/0 | P18: =(AG11+0+MAX(COUNTIFS(Schedule!$C$2:$C$200,"PP4",Schedule!$Y$2:$Y$200,"PTO"),0))&"/0"&IF(MAX(COUNTIFS(Schedule!$C$2:$C$200,"PP4",Schedule!$Y$2:$Y$200,"PTO"),0)>0," "&MAX(COUNTIFS(Schedule!$C$2:$C$200,"PP4",Schedule!$Y$2:$Y$200,"PTO"),0)&" PTO","") -> 0/0 | Q18: =(AH11+0+MAX(COUNTIFS(Schedule!$C$2:$C$200,"PP4",Schedule!$Z$2:$Z$200,"PTO"),0))&"/0"&IF(MAX(COUNTIFS(Schedule!$C$2:$C$200,"PP4",Schedule!$Z$2:$Z$200,"PTO"),0)>0," "&MAX(COUNTIFS(Schedule!$C$2:$C$200,"PP4",Schedule!$Z$2:$Z$200,"PTO"),0)&" PTO","") -> 0/0 | R18: =COUNTBLANK(Schedule!$D$49:$G$62) -> 3
A19: PP5 (Dec 21 – Jan 03) | B19: =(S12+0+MAX(COUNTIFS(Schedule!$C$2:$C$200,"PP5",Schedule!$K$2:$K$200,"PTO"),0))&"/6"&IF(MAX(COUNTIFS(Schedule!$C$2:$C$200,"PP5",Schedule!$K$2:$K$200,"PTO"),0)>0," "&MAX(COUNTIFS(Schedule!$C$2:$C$200,"PP5",Schedule!$K$2:$K$200,"PTO"),0)&" PTO","") -> 6/6 | C19: =(T12+0+MAX(COUNTIFS(Schedule!$C$2:$C$200,"PP5",Schedule!$L$2:$L$200,"PTO"),1))&"/6"&IF(MAX(COUNTIFS(Schedule!$C$2:$C$200,"PP5",Schedule!$L$2:$L$200,"PTO"),1)>0," "&MAX(COUNTIFS(Schedule!$C$2:$C$200,"PP5",Schedule!$L$2:$L$200,"PTO"),1)&" PTO","") -> 6/6 1 PTO | D19: =(U12+0+MAX(COUNTIFS(Schedule!$C$2:$C$200,"PP5",Schedule!$M$2:$M$200,"PTO"),0))&"/6"&IF(MAX(COUNTIFS(Schedule!$C$2:$C$200,"PP5",Schedule!$M$2:$M$200,"PTO"),0)>0," "&MAX(COUNTIFS(Schedule!$C$2:$C$200,"PP5",Schedule!$M$2:$M$200,"PTO"),0)&" PTO","") -> 6/6 | E19: =(V12+0+MAX(COUNTIFS(Schedule!$C$2:$C$200,"PP5",Schedule!$N$2:$N$200,"PTO"),2))&"/6"&IF(MAX(COUNTIFS(Schedule!$C$2:$C$200,"PP5",Schedule!$N$2:$N$200,"PTO"),2)>0," "&MAX(COUNTIFS(Schedule!$C$2:$C$200,"PP5",Schedule!$N$2:$N$200,"PTO"),2)&" PTO","") -> 6/6 2 PTO | F19: =(W12+0+MAX(COUNTIFS(Schedule!$C$2:$C$200,"PP5",Schedule!$O$2:$O$200,"PTO"),2))&"/6"&IF(MAX(COUNTIFS(Schedule!$C$2:$C$200,"PP5",Schedule!$O$2:$O$200,"PTO"),2)>0," "&MAX(COUNTIFS(Schedule!$C$2:$C$200,"PP5",Schedule!$O$2:$O$200,"PTO"),2)&" PTO","") -> 6/6 2 PTO | G19: =(X12+0+MAX(COUNTIFS(Schedule!$C$2:$C$200,"PP5",Schedule!$P$2:$P$200,"PTO"),2))&"/6"&IF(MAX(COUNTIFS(Schedule!$C$2:$C$200,"PP5",Schedule!$P$2:$P$200,"PTO"),2)>0," "&MAX(COUNTIFS(Schedule!$C$2:$C$200,"PP5",Schedule!$P$2:$P$200,"PTO"),2)&" PTO","") -> 6/6 2 PTO | H19: =(Y12+0+MAX(COUNTIFS(Schedule!$C$2:$C$200,"PP5",Schedule!$Q$2:$Q$200,"PTO"),0))&"/6"&IF(MAX(COUNTIFS(Schedule!$C$2:$C$200,"PP5",Schedule!$Q$2:$Q$200,"PTO"),0)>0," "&MAX(COUNTIFS(Schedule!$C$2:$C$200,"PP5",Schedule!$Q$2:$Q$200,"PTO"),0)&" PTO","") -> 6/6 | I19: =(Z12+0+MAX(COUNTIFS(Schedule!$C$2:$C$200,"PP5",Schedule!$R$2:$R$200,"PTO"),1))&"/6"&IF(MAX(COUNTIFS(Schedule!$C$2:$C$200,"PP5",Schedule!$R$2:$R$200,"PTO"),1)>0," "&MAX(COUNTIFS(Schedule!$C$2:$C$200,"PP5",Schedule!$R$2:$R$200,"PTO"),1)&" PTO","") -> 6/6 1 PTO | J19: =(AA12+0+MAX(COUNTIFS(Schedule!$C$2:$C$200,"PP5",Schedule!$S$2:$S$200,"PTO"),1))&"/6"&IF(MAX(COUNTIFS(Schedule!$C$2:$C$200,"PP5",Schedule!$S$2:$S$200,"PTO"),1)>0," "&MAX(COUNTIFS(Schedule!$C$2:$C$200,"PP5",Schedule!$S$2:$S$200,"PTO"),1)&" PTO","") -> 6/6 1 PTO | K19: =(AB12+0+MAX(COUNTIFS(Schedule!$C$2:$C$200,"PP5",Schedule!$T$2:$T$200,"PTO"),0))&"/6"&IF(MAX(COUNTIFS(Schedule!$C$2:$C$200,"PP5",Schedule!$T$2:$T$200,"PTO"),0)>0," "&MAX(COUNTIFS(Schedule!$C$2:$C$200,"PP5",Schedule!$T$2:$T$200,"PTO"),0)&" PTO","") -> 6/6 | L19: =(AC12+0+MAX(COUNTIFS(Schedule!$C$2:$C$200,"PP5",Schedule!$U$2:$U$200,"PTO"),0))&"/0"&IF(MAX(COUNTIFS(Schedule!$C$2:$C$200,"PP5",Schedule!$U$2:$U$200,"PTO"),0)>0," "&MAX(COUNTIFS(Schedule!$C$2:$C$200,"PP5",Schedule!$U$2:$U$200,"PTO"),0)&" PTO","") -> 0/0 | M19: =(AD12+0+MAX(COUNTIFS(Schedule!$C$2:$C$200,"PP5",Schedule!$V$2:$V$200,"PTO"),0))&"/0"&IF(MAX(COUNTIFS(Schedule!$C$2:$C$200,"PP5",Schedule!$V$2:$V$200,"PTO"),0)>0," "&MAX(COUNTIFS(Schedule!$C$2:$C$200,"PP5",Schedule!$V$2:$V$200,"PTO"),0)&" PTO","") -> 0/0 | N19: =(AE12+0+MAX(COUNTIFS(Schedule!$C$2:$C$200,"PP5",Schedule!$W$2:$W$200,"PTO"),0))&"/0"&IF(MAX(COUNTIFS(Schedule!$C$2:$C$200,"PP5",Schedule!$W$2:$W$200,"PTO"),0)>0," "&MAX(COUNTIFS(Schedule!$C$2:$C$200,"PP5",Schedule!$W$2:$W$200,"PTO"),0)&" PTO","") -> 0/0 | O19: =(AF12+0+MAX(COUNTIFS(Schedule!$C$2:$C$200,"PP5",Schedule!$X$2:$X$200,"PTO"),0))&"/0"&IF(MAX(COUNTIFS(Schedule!$C$2:$C$200,"PP5",Schedule!$X$2:$X$200,"PTO"),0)>0," "&MAX(COUNTIFS(Schedule!$C$2:$C$200,"PP5",Schedule!$X$2:$X$200,"PTO"),0)&" PTO","") -> 0/0 | P19: =(AG12+0+MAX(COUNTIFS(Schedule!$C$2:$C$200,"PP5",Schedule!$Y$2:$Y$200,"PTO"),0))&"/0"&IF(MAX(COUNTIFS(Schedule!$C$2:$C$200,"PP5",Schedule!$Y$2:$Y$200,"PTO"),0)>0," "&MAX(COUNTIFS(Schedule!$C$2:$C$200,"PP5",Schedule!$Y$2:$Y$200,"PTO"),0)&" PTO","") -> 0/0 | Q19: =(AH12+0+MAX(COUNTIFS(Schedule!$C$2:$C$200,"PP5",Schedule!$Z$2:$Z$200,"PTO"),0))&"/0"&IF(MAX(COUNTIFS(Schedule!$C$2:$C$200,"PP5",Schedule!$Z$2:$Z$200,"PTO"),0)>0," "&MAX(COUNTIFS(Schedule!$C$2:$C$200,"PP5",Schedule!$Z$2:$Z$200,"PTO"),0)&" PTO","") -> 0/0 | R19: =COUNTBLANK(Schedule!$D$64:$G$77) -> 5
A20: PP6 (Jan 04 – Jan 17) | B20: =(S13+0+MAX(COUNTIFS(Schedule!$C$2:$C$200,"PP6",Schedule!$K$2:$K$200,"PTO"),0))&"/6"&IF(MAX(COUNTIFS(Schedule!$C$2:$C$200,"PP6",Schedule!$K$2:$K$200,"PTO"),0)>0," "&MAX(COUNTIFS(Schedule!$C$2:$C$200,"PP6",Schedule!$K$2:$K$200,"PTO"),0)&" PTO","") -> 6/6 | C20: =(T13+0+MAX(COUNTIFS(Schedule!$C$2:$C$200,"PP6",Schedule!$L$2:$L$200,"PTO"),0))&"/6"&IF(MAX(COUNTIFS(Schedule!$C$2:$C$200,"PP6",Schedule!$L$2:$L$200,"PTO"),0)>0," "&MAX(COUNTIFS(Schedule!$C$2:$C$200,"PP6",Schedule!$L$2:$L$200,"PTO"),0)&" PTO","") -> 6/6 | D20: =(U13+0+MAX(COUNTIFS(Schedule!$C$2:$C$200,"PP6",Schedule!$M$2:$M$200,"PTO"),0))&"/6"&IF(MAX(COUNTIFS(Schedule!$C$2:$C$200,"PP6",Schedule!$M$2:$M$200,"PTO"),0)>0," "&MAX(COUNTIFS(Schedule!$C$2:$C$200,"PP6",Schedule!$M$2:$M$200,"PTO"),0)&" PTO","") -> 4/6 | E20: =(V13+0+MAX(COUNTIFS(Schedule!$C$2:$C$200,"PP6",Schedule!$N$2:$N$200,"PTO"),0))&"/6"&IF(MAX(COUNTIFS(Schedule!$C$2:$C$200,"PP6",Schedule!$N$2:$N$200,"PTO"),0)>0," "&MAX(COUNTIFS(Schedule!$C$2:$C$200,"PP6",Schedule!$N$2:$N$200,"PTO"),0)&" PTO","") -> 6/6 | F20: =(W13+0+MAX(COUNTIFS(Schedule!$C$2:$C$200,"PP6",Schedule!$O$2:$O$200,"PTO"),0))&"/6"&IF(MAX(COUNTIFS(Schedule!$C$2:$C$200,"PP6",Schedule!$O$2:$O$200,"PTO"),0)>0," "&MAX(COUNTIFS(Schedule!$C$2:$C$200,"PP6",Schedule!$O$2:$O$200,"PTO"),0)&" PTO","") -> 5/6 | G20: =(X13+0+MAX(COUNTIFS(Schedule!$C$2:$C$200,"PP6",Schedule!$P$2:$P$200,"PTO"),0))&"/6"&IF(MAX(COUNTIFS(Schedule!$C$2:$C$200,"PP6",Schedule!$P$2:$P$200,"PTO"),0)>0," "&MAX(COUNTIFS(Schedule!$C$2:$C$200,"PP6",Schedule!$P$2:$P$200,"PTO"),0)&" PTO","") -> 6/6 | H20: =(Y13+0+MAX(COUNTIFS(Schedule!$C$2:$C$200,"PP6",Schedule!$Q$2:$Q$200,"PTO"),0))&"/6"&IF(MAX(COUNTIFS(Schedule!$C$2:$C$200,"PP6",Schedule!$Q$2:$Q$200,"PTO"),0)>0," "&MAX(COUNTIFS(Schedule!$C$2:$C$200,"PP6",Schedule!$Q$2:$Q$200,"PTO"),0)&" PTO","") -> 6/6 | I20: =(Z13+0+MAX(COUNTIFS(Schedule!$C$2:$C$200,"PP6",Schedule!$R$2:$R$200,"PTO"),0))&"/6"&IF(MAX(COUNTIFS(Schedule!$C$2:$C$200,"PP6",Schedule!$R$2:$R$200,"PTO"),0)>0," "&MAX(COUNTIFS(Schedule!$C$2:$C$200,"PP6",Schedule!$R$2:$R$200,"PTO"),0)&" PTO","") -> 6/6 | J20: =(AA13+0+MAX(COUNTIFS(Schedule!$C$2:$C$200,"PP6",Schedule!$S$2:$S$200,"PTO"),0))&"/6"&IF(MAX(COUNTIFS(Schedule!$C$2:$C$200,"PP6",Schedule!$S$2:$S$200,"PTO"),0)>0," "&MAX(COUNTIFS(Schedule!$C$2:$C$200,"PP6",Schedule!$S$2:$S$200,"PTO"),0)&" PTO","") -> 6/6 | K20: =(AB13+0+MAX(COUNTIFS(Schedule!$C$2:$C$200,"PP6",Schedule!$T$2:$T$200,"PTO"),0))&"/6"&IF(MAX(COUNTIFS(Schedule!$C$2:$C$200,"PP6",Schedule!$T$2:$T$200,"PTO"),0)>0," "&MAX(COUNTIFS(Schedule!$C$2:$C$200,"PP6",Schedule!$T$2:$T$200,"PTO"),0)&" PTO","") -> 5/6 | L20: =(AC13+0+MAX(COUNTIFS(Schedule!$C$2:$C$200,"PP6",Schedule!$U$2:$U$200,"PTO"),0))&"/0"&IF(MAX(COUNTIFS(Schedule!$C$2:$C$200,"PP6",Schedule!$U$2:$U$200,"PTO"),0)>0," "&MAX(COUNTIFS(Schedule!$C$2:$C$200,"PP6",Schedule!$U$2:$U$200,"PTO"),0)&" PTO","") -> 0/0 | M20: =(AD13+0+MAX(COUNTIFS(Schedule!$C$2:$C$200,"PP6",Schedule!$V$2:$V$200,"PTO"),0))&"/0"&IF(MAX(COUNTIFS(Schedule!$C$2:$C$200,"PP6",Schedule!$V$2:$V$200,"PTO"),0)>0," "&MAX(COUNTIFS(Schedule!$C$2:$C$200,"PP6",Schedule!$V$2:$V$200,"PTO"),0)&" PTO","") -> 0/0 | N20: =(AE13+0+MAX(COUNTIFS(Schedule!$C$2:$C$200,"PP6",Schedule!$W$2:$W$200,"PTO"),0))&"/0"&IF(MAX(COUNTIFS(Schedule!$C$2:$C$200,"PP6",Schedule!$W$2:$W$200,"PTO"),0)>0," "&MAX(COUNTIFS(Schedule!$C$2:$C$200,"PP6",Schedule!$W$2:$W$200,"PTO"),0)&" PTO","") -> 0/0 | O20: =(AF13+0+MAX(COUNTIFS(Schedule!$C$2:$C$200,"PP6",Schedule!$X$2:$X$200,"PTO"),0))&"/0"&IF(MAX(COUNTIFS(Schedule!$C$2:$C$200,"PP6",Schedule!$X$2:$X$200,"PTO"),0)>0," "&MAX(COUNTIFS(Schedule!$C$2:$C$200,"PP6",Schedule!$X$2:$X$200,"PTO"),0)&" PTO","") -> 0/0 | P20: =(AG13+0+MAX(COUNTIFS(Schedule!$C$2:$C$200,"PP6",Schedule!$Y$2:$Y$200,"PTO"),0))&"/0"&IF(MAX(COUNTIFS(Schedule!$C$2:$C$200,"PP6",Schedule!$Y$2:$Y$200,"PTO"),0)>0," "&MAX(COUNTIFS(Schedule!$C$2:$C$200,"PP6",Schedule!$Y$2:$Y$200,"PTO"),0)&" PTO","") -> 0/0 | Q20: =(AH13+0+MAX(COUNTIFS(Schedule!$C$2:$C$200,"PP6",Schedule!$Z$2:$Z$200,"PTO"),0))&"/0"&IF(MAX(COUNTIFS(Schedule!$C$2:$C$200,"PP6",Schedule!$Z$2:$Z$200,"PTO"),0)>0," "&MAX(COUNTIFS(Schedule!$C$2:$C$200,"PP6",Schedule!$Z$2:$Z$200,"PTO"),0)&" PTO","") -> 0/0 | R20: =COUNTBLANK(Schedule!$D$79:$G$92) -> 0
A21: PP7 (Jan 18 – Jan 31) | B21: =(S14+0+MAX(COUNTIFS(Schedule!$C$2:$C$200,"PP7",Schedule!$K$2:$K$200,"PTO"),0))&"/6"&IF(MAX(COUNTIFS(Schedule!$C$2:$C$200,"PP7",Schedule!$K$2:$K$200,"PTO"),0)>0," "&MAX(COUNTIFS(Schedule!$C$2:$C$200,"PP7",Schedule!$K$2:$K$200,"PTO"),0)&" PTO","") -> 5/6 | C21: =(T14+0+MAX(COUNTIFS(Schedule!$C$2:$C$200,"PP7",Schedule!$L$2:$L$200,"PTO"),0))&"/6"&IF(MAX(COUNTIFS(Schedule!$C$2:$C$200,"PP7",Schedule!$L$2:$L$200,"PTO"),0)>0," "&MAX(COUNTIFS(Schedule!$C$2:$C$200,"PP7",Schedule!$L$2:$L$200,"PTO"),0)&" PTO","") -> 6/6 | D21: =(U14+0+MAX(COUNTIFS(Schedule!$C$2:$C$200,"PP7",Schedule!$M$2:$M$200,"PTO"),0))&"/6"&IF(MAX(COUNTIFS(Schedule!$C$2:$C$200,"PP7",Schedule!$M$2:$M$200,"PTO"),0)>0," "&MAX(COUNTIFS(Schedule!$C$2:$C$200,"PP7",Schedule!$M$2:$M$200,"PTO"),0)&" PTO","") -> 6/6 | E21: =(V14+0+MAX(COUNTIFS(Schedule!$C$2:$C$200,"PP7",Schedule!$N$2:$N$200,"PTO"),0))&"/6"&IF(MAX(COUNTIFS(Schedule!$C$2:$C$200,"PP7",Schedule!$N$2:$N$200,"PTO"),0)>0," "&MAX(COUNTIFS(Schedule!$C$2:$C$200,"PP7",Schedule!$N$2:$N$200,"PTO"),0)&" PTO","") -> 6/6 | F21: =(W14+0+MAX(COUNTIFS(Schedule!$C$2:$C$200,"PP7",Schedule!$O$2:$O$200,"PTO"),0))&"/6"&IF(MAX(COUNTIFS(Schedule!$C$2:$C$200,"PP7",Schedule!$O$2:$O$200,"PTO"),0)>0," "&MAX(COUNTIFS(Schedule!$C$2:$C$200,"PP7",Schedule!$O$2:$O$200,"PTO"),0)&" PTO","") -> 6/6 | G21: =(X14+0+MAX(COUNTIFS(Schedule!$C$2:$C$200,"PP7",Schedule!$P$2:$P$200,"PTO"),0))&"/6"&IF(MAX(COUNTIFS(Schedule!$C$2:$C$200,"PP7",Schedule!$P$2:$P$200,"PTO"),0)>0," "&MAX(COUNTIFS(Schedule!$C$2:$C$200,"PP7",Schedule!$P$2:$P$200,"PTO"),0)&" PTO","") -> 6/6 | H21: =(Y14+0+MAX(COUNTIFS(Schedule!$C$2:$C$200,"PP7",Schedule!$Q$2:$Q$200,"PTO"),0))&"/6"&IF(MAX(COUNTIFS(Schedule!$C$2:$C$200,"PP7",Schedule!$Q$2:$Q$200,"PTO"),0)>0," "&MAX(COUNTIFS(Schedule!$C$2:$C$200,"PP7",Schedule!$Q$2:$Q$200,"PTO"),0)&" PTO","") -> 6/6 | I21: =(Z14+0+MAX(COUNTIFS(Schedule!$C$2:$C$200,"PP7",Schedule!$R$2:$R$200,"PTO"),2))&"/6"&IF(MAX(COUNTIFS(Schedule!$C$2:$C$200,"PP7",Schedule!$R$2:$R$200,"PTO"),2)>0," "&MAX(COUNTIFS(Schedule!$C$2:$C$200,"PP7",Schedule!$R$2:$R$200,"PTO"),2)&" PTO","") -> 6/6 3 PTO | J21: =(AA14+0+MAX(COUNTIFS(Schedule!$C$2:$C$200,"PP7",Schedule!$S$2:$S$200,"PTO"),0))&"/6"&IF(MAX(COUNTIFS(Schedule!$C$2:$C$200,"PP7",Schedule!$S$2:$S$200,"PTO"),0)>0," "&MAX(COUNTIFS(Schedule!$C$2:$C$200,"PP7",Schedule!$S$2:$S$200,"PTO"),0)&" PTO","") -> 6/6 | K21: =(AB14+0+MAX(COUNTIFS(Schedule!$C$2:$C$200,"PP7",Schedule!$T$2:$T$200,"PTO"),0))&"/6"&IF(MAX(COUNTIFS(Schedule!$C$2:$C$200,"PP7",Schedule!$T$2:$T$200,"PTO"),0)>0," "&MAX(COUNTIFS(Schedule!$C$2:$C$200,"PP7",Schedule!$T$2:$T$200,"PTO"),0)&" PTO","") -> 6/6 | L21: =(AC14+0+MAX(COUNTIFS(Schedule!$C$2:$C$200,"PP7",Schedule!$U$2:$U$200,"PTO"),0))&"/0"&IF(MAX(COUNTIFS(Schedule!$C$2:$C$200,"PP7",Schedule!$U$2:$U$200,"PTO"),0)>0," "&MAX(COUNTIFS(Schedule!$C$2:$C$200,"PP7",Schedule!$U$2:$U$200,"PTO"),0)&" PTO","") -> 0/0 | M21: =(AD14+0+MAX(COUNTIFS(Schedule!$C$2:$C$200,"PP7",Schedule!$V$2:$V$200,"PTO"),0))&"/0"&IF(MAX(COUNTIFS(Schedule!$C$2:$C$200,"PP7",Schedule!$V$2:$V$200,"PTO"),0)>0," "&MAX(COUNTIFS(Schedule!$C$2:$C$200,"PP7",Schedule!$V$2:$V$200,"PTO"),0)&" PTO","") -> 0/0 | N21: =(AE14+0+MAX(COUNTIFS(Schedule!$C$2:$C$200,"PP7",Schedule!$W$2:$W$200,"PTO"),0))&"/0"&IF(MAX(COUNTIFS(Schedule!$C$2:$C$200,"PP7",Schedule!$W$2:$W$200,"PTO"),0)>0," "&MAX(COUNTIFS(Schedule!$C$2:$C$200,"PP7",Schedule!$W$2:$W$200,"PTO"),0)&" PTO","") -> 0/0 | O21: =(AF14+0+MAX(COUNTIFS(Schedule!$C$2:$C$200,"PP7",Schedule!$X$2:$X$200,"PTO"),0))&"/0"&IF(MAX(COUNTIFS(Schedule!$C$2:$C$200,"PP7",Schedule!$X$2:$X$200,"PTO"),0)>0," "&MAX(COUNTIFS(Schedule!$C$2:$C$200,"PP7",Schedule!$X$2:$X$200,"PTO"),0)&" PTO","") -> 0/0 | P21: =(AG14+0+MAX(COUNTIFS(Schedule!$C$2:$C$200,"PP7",Schedule!$Y$2:$Y$200,"PTO"),0))&"/0"&IF(MAX(COUNTIFS(Schedule!$C$2:$C$200,"PP7",Schedule!$Y$2:$Y$200,"PTO"),0)>0," "&MAX(COUNTIFS(Schedule!$C$2:$C$200,"PP7",Schedule!$Y$2:$Y$200,"PTO"),0)&" PTO","") -> 0/0 | Q21: =(AH14+0+MAX(COUNTIFS(Schedule!$C$2:$C$200,"PP7",Schedule!$Z$2:$Z$200,"PTO"),0))&"/0"&IF(MAX(COUNTIFS(Schedule!$C$2:$C$200,"PP7",Schedule!$Z$2:$Z$200,"PTO"),0)>0," "&MAX(COUNTIFS(Schedule!$C$2:$C$200,"PP7",Schedule!$Z$2:$Z$200,"PTO"),0)&" PTO","") -> 0/0 | R21: =COUNTBLANK(Schedule!$D$94:$G$107) -> 0
A23: Staffing & Rules
A24: Zero-APP Days | B24: ✓ None
A25: Unstaffed Nights | B25: 7 nights unstaffed
A26: Day→Night Buffer Violations | B26: 0 occurrences — flagged with dashed orange border in Schedule
A27: Night Recovery | B27: After last night of streak: blocked D+1 and D+2; eligible again D+3
A28: Max Consecutive Nights | B28: 3
A29: Max Consecutive Work Days | B29: 4
A30: PTO Logic | B30: PTO needed per PP is set by OFF+VAC days requested: 5-6→1, 7-8→2, 9-10→3, 11-12→4, 13→5, 14→6. Target = 6 - CME - PTO. PTO is a count only — not pinned to specific days.

Sheet Schedule
D1: MICU | H1: FC3
A2: Date | B2: Day | C2: PP | D2: DAY | E2: DAY | F2: DAY | G2: NIGHT | H2: FC3_D | I2: FC3_D | J2: FC3_N | K2: Katie | L2: Hayden | M2: John | N2: Maureen | O2: Mandie | P2: Caroline | Q2: Kristin | R2: Radha | S2: Jamie | T2: Todd | U2: Matt | V2: Jen | W2: Kennedy | X2: Preet | Y2: Rose | Z2: Katia | AA2: _key_
A3: PP1 Oct 26 – Nov 08 | K3: T:6 | L3: T:5 | M3: T:6 | N3: T:4/C:2 | O3: T:5 | P3: T:4/C:2 | Q3: T:4/C:2 | R3: T:6 | S3: T:0 | T3: T:6 | U3: T:0 | V3: T:0 | W3: T:0 | X3: T:0 | Y3: T:0 | Z3: T:0
A4: 10/26/26 | B4: Mon | C4: PP1 | D4: Radha | E4: John | G4: Caroline | K4: =IF(OR($D4=K$2,$E4=K$2,$F4=K$2),"Day",IF($G4=K$2,"Night",IF(OR($H4=K$2,$I4=K$2),"FC3",IF($J4=K$2,"FC3 Night","")))) | L4: =IF(OR($D4=L$2,$E4=L$2,$F4=L$2),"Day",IF($G4=L$2,"Night",IF(OR($H4=L$2,$I4=L$2),"FC3",IF($J4=L$2,"FC3 Night",IF(AND(COUNTA($D4:$G4)<4,Summary!$T$8<Summary!$T$1),"Yellow",""))))) | M4: =IF(OR($D4=M$2,$E4=M$2,$F4=M$2),"Day",IF($G4=M$2,"Night",IF(OR($H4=M$2,$I4=M$2),"FC3",IF($J4=M$2,"FC3 Night","")))) -> Day | N4: =IF(OR($D4=N$2,$E4=N$2,$F4=N$2),"Day",IF($G4=N$2,"Night",IF(OR($H4=N$2,$I4=N$2),"FC3",IF($J4=N$2,"FC3 Night","")))) | O4: =IF(OR($D4=O$2,$E4=O$2,$F4=O$2),"Day",IF($G4=O$2,"Night",IF(OR($H4=O$2,$I4=O$2),"FC3",IF($J4=O$2,"FC3 Night","")))) | P4: =IF(OR($D4=P$2,$E4=P$2,$F4=P$2),"Day",IF($G4=P$2,"Night",IF(OR($H4=P$2,$I4=P$2),"FC3",IF($J4=P$2,"FC3 Night","")))) -> Night | Q4: =IF(OR($D4=Q$2,$E4=Q$2,$F4=Q$2),"Day",IF($G4=Q$2,"Night",IF(OR($H4=Q$2,$I4=Q$2),"FC3",IF($J4=Q$2,"FC3 Night","")))) | R4: =IF(OR($D4=R$2,$E4=R$2,$F4=R$2),"Day",IF($G4=R$2,"Night",IF(OR($H4=R$2,$I4=R$2),"FC3",IF($J4=R$2,"FC3 Night","")))) -> Day | S4: =IF(OR($D4=S$2,$E4=S$2,$F4=S$2),"Day",IF($G4=S$2,"Night",IF(OR($H4=S$2,$I4=S$2),"FC3",IF($J4=S$2,"FC3 Night","OFF")))) -> OFF | T4: =IF(OR($D4=T$2,$E4=T$2,$F4=T$2),"Day",IF($G4=T$2,"Night",IF(OR($H4=T$2,$I4=T$2),"FC3",IF($J4=T$2,"FC3 Night","")))) | U4: =IF(OR($D4=U$2,$E4=U$2,$F4=U$2),"Day",IF($G4=U$2,"Night",IF(OR($H4=U$2,$I4=U$2),"FC3",IF($J4=U$2,"FC3 Night","")))) | V4: =IF(OR($D4=V$2,$E4=V$2,$F4=V$2),"Day",IF($G4=V$2,"Night",IF(OR($H4=V$2,$I4=V$2),"FC3",IF($J4=V$2,"FC3 Night","")))) | W4: =IF(OR($D4=W$2,$E4=W$2,$F4=W$2),"Day",IF($G4=W$2,"Night",IF(OR($H4=W$2,$I4=W$2),"FC3",IF($J4=W$2,"FC3 Night","")))) | X4: =IF(OR($D4=X$2,$E4=X$2,$F4=X$2),"Day",IF($G4=X$2,"Night",IF(OR($H4=X$2,$I4=X$2),"FC3",IF($J4=X$2,"FC3 Night","")))) | Y4: =IF(OR($D4=Y$2,$E4=Y$2,$F4=Y$2),"Day",IF($G4=Y$2,"Night",IF(OR($H4=Y$2,$I4=Y$2),"FC3",IF($J4=Y$2,"FC3 Night","")))) | Z4: =IF(OR($D4=Z$2,$E4=Z$2,$F4=Z$2),"Day",IF($G4=Z$2,"Night",IF(OR($H4=Z$2,$I4=Z$2),"FC3",IF($J4=Z$2,"FC3 Night","")))) | AA4: 46321
A5: 10/27/26 | B5: Tue | C5: PP1 | D5: Mandie | E5: Katie | F5: John | G5: Caroline | K5: =IF(OR($D5=K$2,$E5=K$2,$F5=K$2),"Day",IF($G5=K$2,"Night",IF(OR($H5=K$2,$I5=K$2),"FC3",IF($J5=K$2,"FC3 Night","")))) -> Day | L5: =IF(OR($D5=L$2,$E5=L$2,$F5=L$2),"Day",IF($G5=L$2,"Night",IF(OR($H5=L$2,$I5=L$2),"FC3",IF($J5=L$2,"FC3 Night","OFF")))) -> OFF | M5: =IF(OR($D5=M$2,$E5=M$2,$F5=M$2),"Day",IF($G5=M$2,"Night",IF(OR($H5=M$2,$I5=M$2),"FC3",IF($J5=M$2,"FC3 Night","")))) -> Day | N5: =IF(OR($D5=N$2,$E5=N$2,$F5=N$2),"Day",IF($G5=N$2,"Night",IF(OR($H5=N$2,$I5=N$2),"FC3",IF($J5=N$2,"FC3 Night","")))) | O5: =IF(OR($D5=O$2,$E5=O$2,$F5=O$2),"Day",IF($G5=O$2,"Night",IF(OR($H5=O$2,$I5=O$2),"FC3",IF($J5=O$2,"FC3 Night","")))) -> Day | P5: =IF(OR($D5=P$2,$E5=P$2,$F5=P$2),"Day",IF($G5=P$2,"Night",IF(OR($H5=P$2,$I5=P$2),"FC3",IF($J5=P$2,"FC3 Night","")))) -> Night | Q5: =IF(OR($D5=Q$2,$E5=Q$2,$F5=Q$2),"Day",IF($G5=Q$2,"Night",IF(OR($H5=Q$2,$I5=Q$2),"FC3",IF($J5=Q$2,"FC3 Night","")))) | R5: =IF(OR($D5=R$2,$E5=R$2,$F5=R$2),"Day",IF($G5=R$2,"Night",IF(OR($H5=R$2,$I5=R$2),"FC3",IF($J5=R$2,"FC3 Night","")))) | S5: =IF(OR($D5=S$2,$E5=S$2,$F5=S$2),"Day",IF($G5=S$2,"Night",IF(OR($H5=S$2,$I5=S$2),"FC3",IF($J5=S$2,"FC3 Night","OFF")))) -> OFF | T5: =IF(OR($D5=T$2,$E5=T$2,$F5=T$2),"Day",IF($G5=T$2,"Night",IF(OR($H5=T$2,$I5=T$2),"FC3",IF($J5=T$2,"FC3 Night","")))) | U5: =IF(OR($D5=U$2,$E5=U$2,$F5=U$2),"Day",IF($G5=U$2,"Night",IF(OR($H5=U$2,$I5=U$2),"FC3",IF($J5=U$2,"FC3 Night","")))) | V5: =IF(OR($D5=V$2,$E5=V$2,$F5=V$2),"Day",IF($G5=V$2,"Night",IF(OR($H5=V$2,$I5=V$2),"FC3",IF($J5=V$2,"FC3 Night","")))) | W5: =IF(OR($D5=W$2,$E5=W$2,$F5=W$2),"Day",IF($G5=W$2,"Night",IF(OR($H5=W$2,$I5=W$2),"FC3",IF($J5=W$2,"FC3 Night","")))) | X5: =IF(OR($D5=X$2,$E5=X$2,$F5=X$2),"Day",IF($G5=X$2,"Night",IF(OR($H5=X$2,$I5=X$2),"FC3",IF($J5=X$2,"FC3 Night","")))) | Y5: =IF(OR($D5=Y$2,$E5=Y$2,$F5=Y$2),"Day",IF($G5=Y$2,"Night",IF(OR($H5=Y$2,$I5=Y$2),"FC3",IF($J5=Y$2,"FC3 Night","")))) | Z5: =IF(OR($D5=Z$2,$E5=Z$2,$F5=Z$2),"Day",IF($G5=Z$2,"Night",IF(OR($H5=Z$2,$I5=Z$2),"FC3",IF($J5=Z$2,"FC3 Night","")))) | AA5: 46322
A6: 10/28/26 | B6: Wed | C6: PP1 | D6: Katie | E6: Todd | F6: Mandie | G6: Caroline | K6: =IF(OR($D6=K$2,$E6=K$2,$F6=K$2),"Day",IF($G6=K$2,"Night",IF(OR($H6=K$2,$I6=K$2),"FC3",IF($J6=K$2,"FC3 Night","")))) -> Day | L6: =IF(OR($D6=L$2,$E6=L$2,$F6=L$2),"Day",IF($G6=L$2,"Night",IF(OR($H6=L$2,$I6=L$2),"FC3",IF($J6=L$2,"FC3 Night","OFF")))) -> OFF | M6: =IF(OR($D6=M$2,$E6=M$2,$F6=M$2),"Day",IF($G6=M$2,"Night",IF(OR($H6=M$2,$I6=M$2),"FC3",IF($J6=M$2,"FC3 Night","")))) | N6: =IF(OR($D6=N$2,$E6=N$2,$F6=N$2),"Day",IF($G6=N$2,"Night",IF(OR($H6=N$2,$I6=N$2),"FC3",IF($J6=N$2,"FC3 Night","")))) | O6: =IF(OR($D6=O$2,$E6=O$2,$F6=O$2),"Day",IF($G6=O$2,"Night",IF(OR($H6=O$2,$I6=O$2),"FC3",IF($J6=O$2,"FC3 Night","")))) -> Day | P6: =IF(OR($D6=P$2,$E6=P$2,$F6=P$2),"Day",IF($G6=P$2,"Night",IF(OR($H6=P$2,$I6=P$2),"FC3",IF($J6=P$2,"FC3 Night","")))) -> Night | Q6: =IF(OR($D6=Q$2,$E6=Q$2,$F6=Q$2),"Day",IF($G6=Q$2,"Night",IF(OR($H6=Q$2,$I6=Q$2),"FC3",IF($J6=Q$2,"FC3 Night","")))) | R6: =IF(OR($D6=R$2,$E6=R$2,$F6=R$2),"Day",IF($G6=R$2,"Night",IF(OR($H6=R$2,$I6=R$2),"FC3",IF($J6=R$2,"FC3 Night","")))) | S6: =IF(OR($D6=S$2,$E6=S$2,$F6=S$2),"Day",IF($G6=S$2,"Night",IF(OR($H6=S$2,$I6=S$2),"FC3",IF($J6=S$2,"FC3 Night","OFF")))) -> OFF | T6: =IF(OR($D6=T$2,$E6=T$2,$F6=T$2),"Day",IF($G6=T$2,"Night",IF(OR($H6=T$2,$I6=T$2),"FC3",IF($J6=T$2,"FC3 Night","")))) -> Day | U6: =IF(OR($D6=U$2,$E6=U$2,$F6=U$2),"Day",IF($G6=U$2,"Night",IF(OR($H6=U$2,$I6=U$2),"FC3",IF($J6=U$2,"FC3 Night","")))) | V6: =IF(OR($D6=V$2,$E6=V$2,$F6=V$2),"Day",IF($G6=V$2,"Night",IF(OR($H6=V$2,$I6=V$2),"FC3",IF($J6=V$2,"FC3 Night","")))) | W6: =IF(OR($D6=W$2,$E6=W$2,$F6=W$2),"Day",IF($G6=W$2,"Night",IF(OR($H6=W$2,$I6=W$2),"FC3",IF($J6=W$2,"FC3 Night","")))) | X6: =IF(OR($D6=X$2,$E6=X$2,$F6=X$2),"Day",IF($G6=X$2,"Night",IF(OR($H6=X$2,$I6=X$2),"FC3",IF($J6=X$2,"FC3 Night","")))) | Y6: =IF(OR($D6=Y$2,$E6=Y$2,$F6=Y$2),"Day",IF($G6=Y$2,"Night",IF(OR($H6=Y$2,$I6=Y$2),"FC3",IF($J6=Y$2,"FC3 Night","")))) | Z6: =IF(OR($D6=Z$2,$E6=Z$2,$F6=Z$2),"Day",IF($G6=Z$2,"Night",IF(OR($H6=Z$2,$I6=Z$2),"FC3",IF($J6=Z$2,"FC3 Night","")))) | AA6: 46323
A7: 10/29/26 | B7: Thu | C7: PP1 | D7: Maureen | E7: Katie | F7: Hayden | K7: =IF(OR($D7=K$2,$E7=K$2,$F7=K$2),"Day",IF($G7=K$2,"Night",IF(OR($H7=K$2,$I7=K$2),"FC3",IF($J7=K$2,"FC3 Night","")))) -> Day | L7: =IF(OR($D7=L$2,$E7=L$2,$F7=L$2),"Day",IF($G7=L$2,"Night",IF(OR($H7=L$2,$I7=L$2),"FC3",IF($J7=L$2,"FC3 Night","")))) -> Day | M7: =IF(OR($D7=M$2,$E7=M$2,$F7=M$2),"Day",IF($G7=M$2,"Night",IF(OR($H7=M$2,$I7=M$2),"FC3",IF($J7=M$2,"FC3 Night","")))) | N7: =IF(OR($D7=N$2,$E7=N$2,$F7=N$2),"Day",IF($G7=N$2,"Night",IF(OR($H7=N$2,$I7=N$2),"FC3",IF($J7=N$2,"FC3 Night","")))) -> Day | O7: =IF(OR($D7=O$2,$E7=O$2,$F7=O$2),"Day",IF($G7=O$2,"Night",IF(OR($H7=O$2,$I7=O$2),"FC3",IF($J7=O$2,"FC3 Night","")))) | P7: =IF(OR($D7=P$2,$E7=P$2,$F7=P$2),"Day",IF($G7=P$2,"Night",IF(OR($H7=P$2,$I7=P$2),"FC3",IF($J7=P$2,"FC3 Night","")))) | Q7: =IF(OR($D7=Q$2,$E7=Q$2,$F7=Q$2),"Day",IF($G7=Q$2,"Night",IF(OR($H7=Q$2,$I7=Q$2),"FC3",IF($J7=Q$2,"FC3 Night","")))) | R7: =IF(OR($D7=R$2,$E7=R$2,$F7=R$2),"Day",IF($G7=R$2,"Night",IF(OR($H7=R$2,$I7=R$2),"FC3",IF($J7=R$2,"FC3 Night","")))) | S7: =IF(OR($D7=S$2,$E7=S$2,$F7=S$2),"Day",IF($G7=S$2,"Night",IF(OR($H7=S$2,$I7=S$2),"FC3",IF($J7=S$2,"FC3 Night","OFF")))) -> OFF | T7: =IF(OR($D7=T$2,$E7=T$2,$F7=T$2),"Day",IF($G7=T$2,"Night",IF(OR($H7=T$2,$I7=T$2),"FC3",IF($J7=T$2,"FC3 Night","OFF")))) -> OFF | U7: =IF(OR($D7=U$2,$E7=U$2,$F7=U$2),"Day",IF($G7=U$2,"Night",IF(OR($H7=U$2,$I7=U$2),"FC3",IF($J7=U$2,"FC3 Night","")))) | V7: =IF(OR($D7=V$2,$E7=V$2,$F7=V$2),"Day",IF($G7=V$2,"Night",IF(OR($H7=V$2,$I7=V$2),"FC3",IF($J7=V$2,"FC3 Night","")))) | W7: =IF(OR($D7=W$2,$E7=W$2,$F7=W$2),"Day",IF($G7=W$2,"Night",IF(OR($H7=W$2,$I7=W$2),"FC3",IF($J7=W$2,"FC3 Night","")))) | X7: =IF(OR($D7=X$2,$E7=X$2,$F7=X$2),"Day",IF($G7=X$2,"Night",IF(OR($H7=X$2,$I7=X$2),"FC3",IF($J7=X$2,"FC3 Night","")))) | Y7: =IF(OR($D7=Y$2,$E7=Y$2,$F7=Y$2),"Day",IF($G7=Y$2,"Night",IF(OR($H7=Y$2,$I7=Y$2),"FC3",IF($J7=Y$2,"FC3 Night","")))) | Z7: =IF(OR($D7=Z$2,$E7=Z$2,$F7=Z$2),"Day",IF($G7=Z$2,"Night",IF(OR($H7=Z$2,$I7=Z$2),"FC3",IF($J7=Z$2,"FC3 Night","")))) | AA7: 46324
A8: 10/30/26 | B8: Fri | C8: PP1 | D8: Hayden | E8: Maureen | F8: Radha | G8: Kristin | K8: =IF(OR($D8=K$2,$E8=K$2,$F8=K$2),"Day",IF($G8=K$2,"Night",IF(OR($H8=K$2,$I8=K$2),"FC3",IF($J8=K$2,"FC3 Night","")))) | L8: =IF(OR($D8=L$2,$E8=L$2,$F8=L$2),"Day",IF($G8=L$2,"Night",IF(OR($H8=L$2,$I8=L$2),"FC3",IF($J8=L$2,"FC3 Night","")))) -> Day | M8: =IF(OR($D8=M$2,$E8=M$2,$F8=M$2),"Day",IF($G8=M$2,"Night",IF(OR($H8=M$2,$I8=M$2),"FC3",IF($J8=M$2,"FC3 Night",IF(AND(COUNTA($D8:$G8)<4,Summary!$U$8<Summary!$U$1),"Yellow",""))))) | N8: =IF(OR($D8=N$2,$E8=N$2,$F8=N$2),"Day",IF($G8=N$2,"Night",IF(OR($H8=N$2,$I8=N$2),"FC3",IF($J8=N$2,"FC3 Night","")))) -> Day | O8: =IF(OR($D8=O$2,$E8=O$2,$F8=O$2),"Day",IF($G8=O$2,"Night",IF(OR($H8=O$2,$I8=O$2),"FC3",IF($J8=O$2,"FC3 Night","OFF")))) -> OFF | P8: =IF(OR($D8=P$2,$E8=P$2,$F8=P$2),"Day",IF($G8=P$2,"Night",IF(OR($H8=P$2,$I8=P$2),"FC3",IF($J8=P$2,"FC3 Night","")))) | Q8: =IF(OR($D8=Q$2,$E8=Q$2,$F8=Q$2),"Day",IF($G8=Q$2,"Night",IF(OR($H8=Q$2,$I8=Q$2),"FC3",IF($J8=Q$2,"FC3 Night","")))) -> Night | R8: =IF(OR($D8=R$2,$E8=R$2,$F8=R$2),"Day",IF($G8=R$2,"Night",IF(OR($H8=R$2,$I8=R$2),"FC3",IF($J8=R$2,"FC3 Night","")))) -> Day | S8: =IF(OR($D8=S$2,$E8=S$2,$F8=S$2),"Day",IF($G8=S$2,"Night",IF(OR($H8=S$2,$I8=S$2),"FC3",IF($J8=S$2,"FC3 Night","OFF")))) -> OFF | T8: =IF(OR($D8=T$2,$E8=T$2,$F8=T$2),"Day",IF($G8=T$2,"Night",IF(OR($H8=T$2,$I8=T$2),"FC3",IF($J8=T$2,"FC3 Night","OFF")))) -> OFF | U8: =IF(OR($D8=U$2,$E8=U$2,$F8=U$2),"Day",IF($G8=U$2,"Night",IF(OR($H8=U$2,$I8=U$2),"FC3",IF($J8=U$2,"FC3 Night","")))) | V8: =IF(OR($D8=V$2,$E8=V$2,$F8=V$2),"Day",IF($G8=V$2,"Night",IF(OR($H8=V$2,$I8=V$2),"FC3",IF($J8=V$2,"FC3 Night","")))) | W8: =IF(OR($D8=W$2,$E8=W$2,$F8=W$2),"Day",IF($G8=W$2,"Night",IF(OR($H8=W$2,$I8=W$2),"FC3",IF($J8=W$2,"FC3 Night","")))) | X8: =IF(OR($D8=X$2,$E8=X$2,$F8=X$2),"Day",IF($G8=X$2,"Night",IF(OR($H8=X$2,$I8=X$2),"FC3",IF($J8=X$2,"FC3 Night","")))) | Y8: =IF(OR($D8=Y$2,$E8=Y$2,$F8=Y$2),"Day",IF($G8=Y$2,"Night",IF(OR($H8=Y$2,$I8=Y$2),"FC3",IF($J8=Y$2,"FC3 Night","")))) | Z8: =IF(OR($D8=Z$2,$E8=Z$2,$F8=Z$2),"Day",IF($G8=Z$2,"Night",IF(OR($H8=Z$2,$I8=Z$2),"FC3",IF($J8=Z$2,"FC3 Night","")))) | AA8: 46325
A9: 10/31/26 | B9: Sat | C9: PP1 | D9: Radha | E9: Maureen | G9: Kristin | K9: =IF(OR($D9=K$2,$E9=K$2,$F9=K$2),"Day",IF($G9=K$2,"Night",IF(OR($H9=K$2,$I9=K$2),"FC3",IF($J9=K$2,"FC3 Night",IF(AND(COUNTA($D9:$G9)<4,Summary!$S$8<Summary!$S$1),"Yellow",""))))) | L9: =IF(OR($D9=L$2,$E9=L$2,$F9=L$2),"Day",IF($G9=L$2,"Night",IF(OR($H9=L$2,$I9=L$2),"FC3",IF($J9=L$2,"FC3 Night",IF(AND(COUNTA($D9:$G9)<4,Summary!$T$8<Summary!$T$1),"Yellow",""))))) | M9: =IF(OR($D9=M$2,$E9=M$2,$F9=M$2),"Day",IF($G9=M$2,"Night",IF(OR($H9=M$2,$I9=M$2),"FC3",IF($J9=M$2,"FC3 Night","OFF")))) -> OFF | N9: =IF(OR($D9=N$2,$E9=N$2,$F9=N$2),"Day",IF($G9=N$2,"Night",IF(OR($H9=N$2,$I9=N$2),"FC3",IF($J9=N$2,"FC3 Night","")))) -> Day | O9: =IF(OR($D9=O$2,$E9=O$2,$F9=O$2),"Day",IF($G9=O$2,"Night",IF(OR($H9=O$2,$I9=O$2),"FC3",IF($J9=O$2,"FC3 Night","OFF")))) -> OFF | P9: =IF(OR($D9=P$2,$E9=P$2,$F9=P$2),"Day",IF($G9=P$2,"Night",IF(OR($H9=P$2,$I9=P$2),"FC3",IF($J9=P$2,"FC3 Night",IF(AND(COUNTA($D9:$G9)<4,Summary!$X$8<Summary!$X$1),"Yellow",""))))) | Q9: =IF(OR($D9=Q$2,$E9=Q$2,$F9=Q$2),"Day",IF($G9=Q$2,"Night",IF(OR($H9=Q$2,$I9=Q$2),"FC3",IF($J9=Q$2,"FC3 Night","")))) -> Night | R9: =IF(OR($D9=R$2,$E9=R$2,$F9=R$2),"Day",IF($G9=R$2,"Night",IF(OR($H9=R$2,$I9=R$2),"FC3",IF($J9=R$2,"FC3 Night","")))) -> Day | S9: =IF(OR($D9=S$2,$E9=S$2,$F9=S$2),"Day",IF($G9=S$2,"Night",IF(OR($H9=S$2,$I9=S$2),"FC3",IF($J9=S$2,"FC3 Night","OFF")))) -> OFF | T9: =IF(OR($D9=T$2,$E9=T$2,$F9=T$2),"Day",IF($G9=T$2,"Night",IF(OR($H9=T$2,$I9=T$2),"FC3",IF($J9=T$2,"FC3 Night","OFF")))) -> OFF | U9: =IF(OR($D9=U$2,$E9=U$2,$F9=U$2),"Day",IF($G9=U$2,"Night",IF(OR($H9=U$2,$I9=U$2),"FC3",IF($J9=U$2,"FC3 Night","")))) | V9: =IF(OR($D9=V$2,$E9=V$2,$F9=V$2),"Day",IF($G9=V$2,"Night",IF(OR($H9=V$2,$I9=V$2),"FC3",IF($J9=V$2,"FC3 Night","")))) | W9: =IF(OR($D9=W$2,$E9=W$2,$F9=W$2),"Day",IF($G9=W$2,"Night",IF(OR($H9=W$2,$I9=W$2),"FC3",IF($J9=W$2,"FC3 Night","")))) | X9: =IF(OR($D9=X$2,$E9=X$2,$F9=X$2),"Day",IF($G9=X$2,"Night",IF(OR($H9=X$2,$I9=X$2),"FC3",IF($J9=X$2,"FC3 Night","")))) | Y9: =IF(OR($D9=Y$2,$E9=Y$2,$F9=Y$2),"Day",IF($G9=Y$2,"Night",IF(OR($H9=Y$2,$I9=Y$2),"FC3",IF($J9=Y$2,"FC3 Night","")))) | Z9: =IF(OR($D9=Z$2,$E9=Z$2,$F9=Z$2),"Day",IF($G9=Z$2,"Night",IF(OR($H9=Z$2,$I9=Z$2),"FC3",IF($J9=Z$2,"FC3 Night","")))) | AA9: 46326
A10: 11/01/26 | B10: Sun | C10: PP1 | D10: Radha | G10: Kristin | K10: =IF(OR($D10=K$2,$E10=K$2,$F10=K$2),"Day",IF($G10=K$2,"Night",IF(OR($H10=K$2,$I10=K$2),"FC3",IF($J10=K$2,"FC3 Night","OFF")))) -> OFF | L10: =IF(OR($D10=L$2,$E10=L$2,$F10=L$2),"Day",IF($G10=L$2,"Night",IF(OR($H10=L$2,$I10=L$2),"FC3",IF($J10=L$2,"FC3 Night","OFF")))) -> OFF | M10: =IF(OR($D10=M$2,$E10=M$2,$F10=M$2),"Day",IF($G10=M$2,"Night",IF(OR($H10=M$2,$I10=M$2),"FC3",IF($J10=M$2,"FC3 Night","OFF")))) -> OFF | N10: =IF(OR($D10=N$2,$E10=N$2,$F10=N$2),"Day",IF($G10=N$2,"Night",IF(OR($H10=N$2,$I10=N$2),"FC3",IF($J10=N$2,"FC3 Night","OFF")))) -> OFF | O10: =IF(OR($D10=O$2,$E10=O$2,$F10=O$2),"Day",IF($G10=O$2,"Night",IF(OR($H10=O$2,$I10=O$2),"FC3",IF($J10=O$2,"FC3 Night","OFF")))) -> OFF | P10: =IF(OR($D10=P$2,$E10=P$2,$F10=P$2),"Day",IF($G10=P$2,"Night",IF(OR($H10=P$2,$I10=P$2),"FC3",IF($J10=P$2,"FC3 Night",IF(AND(COUNTA($D10:$G10)<4,Summary!$X$8<Summary!$X$1),"Yellow",""))))) | Q10: =IF(OR($D10=Q$2,$E10=Q$2,$F10=Q$2),"Day",IF($G10=Q$2,"Night",IF(OR($H10=Q$2,$I10=Q$2),"FC3",IF($J10=Q$2,"FC3 Night","")))) -> Night | R10: =IF(OR($D10=R$2,$E10=R$2,$F10=R$2),"Day",IF($G10=R$2,"Night",IF(OR($H10=R$2,$I10=R$2),"FC3",IF($J10=R$2,"FC3 Night","")))) -> Day | S10: =IF(OR($D10=S$2,$E10=S$2,$F10=S$2),"Day",IF($G10=S$2,"Night",IF(OR($H10=S$2,$I10=S$2),"FC3",IF($J10=S$2,"FC3 Night","OFF")))) -> OFF | T10: =IF(OR($D10=T$2,$E10=T$2,$F10=T$2),"Day",IF($G10=T$2,"Night",IF(OR($H10=T$2,$I10=T$2),"FC3",IF($J10=T$2,"FC3 Night","OFF")))) -> OFF | U10: =IF(OR($D10=U$2,$E10=U$2,$F10=U$2),"Day",IF($G10=U$2,"Night",IF(OR($H10=U$2,$I10=U$2),"FC3",IF($J10=U$2,"FC3 Night","")))) | V10: =IF(OR($D10=V$2,$E10=V$2,$F10=V$2),"Day",IF($G10=V$2,"Night",IF(OR($H10=V$2,$I10=V$2),"FC3",IF($J10=V$2,"FC3 Night","")))) | W10: =IF(OR($D10=W$2,$E10=W$2,$F10=W$2),"Day",IF($G10=W$2,"Night",IF(OR($H10=W$2,$I10=W$2),"FC3",IF($J10=W$2,"FC3 Night","")))) | X10: =IF(OR($D10=X$2,$E10=X$2,$F10=X$2),"Day",IF($G10=X$2,"Night",IF(OR($H10=X$2,$I10=X$2),"FC3",IF($J10=X$2,"FC3 Night","")))) | Y10: =IF(OR($D10=Y$2,$E10=Y$2,$F10=Y$2),"Day",IF($G10=Y$2,"Night",IF(OR($H10=Y$2,$I10=Y$2),"FC3",IF($J10=Y$2,"FC3 Night","")))) | Z10: =IF(OR($D10=Z$2,$E10=Z$2,$F10=Z$2),"Day",IF($G10=Z$2,"Night",IF(OR($H10=Z$2,$I10=Z$2),"FC3",IF($J10=Z$2,"FC3 Night","")))) | AA10: 46327
A11: 11/02/26 | B11: Mon | C11: PP1 | D11: Mandie | E11: John | F11: Caroline | G11: Todd | K11: =IF(OR($D11=K$2,$E11=K$2,$F11=K$2),"Day",IF($G11=K$2,"Night",IF(OR($H11=K$2,$I11=K$2),"FC3",IF($J11=K$2,"FC3 Night","")))) | L11: =IF(OR($D11=L$2,$E11=L$2,$F11=L$2),"Day",IF($G11=L$2,"Night",IF(OR($H11=L$2,$I11=L$2),"FC3",IF($J11=L$2,"FC3 Night","OFF")))) -> OFF | M11: =IF(OR($D11=M$2,$E11=M$2,$F11=M$2),"Day",IF($G11=M$2,"Night",IF(OR($H11=M$2,$I11=M$2),"FC3",IF($J11=M$2,"FC3 Night","")))) -> Day | N11: =IF(OR($D11=N$2,$E11=N$2,$F11=N$2),"Day",IF($G11=N$2,"Night",IF(OR($H11=N$2,$I11=N$2),"FC3",IF($J11=N$2,"FC3 Night",IF(AND(COUNTA($D11:$G11)<4,Summary!$V$8<Summary!$V$1),"Yellow",""))))) | O11: =IF(OR($D11=O$2,$E11=O$2,$F11=O$2),"Day",IF($G11=O$2,"Night",IF(OR($H11=O$2,$I11=O$2),"FC3",IF($J11=O$2,"FC3 Night","")))) -> Day | P11: =IF(OR($D11=P$2,$E11=P$2,$F11=P$2),"Day",IF($G11=P$2,"Night",IF(OR($H11=P$2,$I11=P$2),"FC3",IF($J11=P$2,"FC3 Night","")))) -> Day | Q11: =IF(OR($D11=Q$2,$E11=Q$2,$F11=Q$2),"Day",IF($G11=Q$2,"Night",IF(OR($H11=Q$2,$I11=Q$2),"FC3",IF($J11=Q$2,"FC3 Night","")))) | R11: =IF(OR($D11=R$2,$E11=R$2,$F11=R$2),"Day",IF($G11=R$2,"Night",IF(OR($H11=R$2,$I11=R$2),"FC3",IF($J11=R$2,"FC3 Night","")))) | S11: =IF(OR($D11=S$2,$E11=S$2,$F11=S$2),"Day",IF($G11=S$2,"Night",IF(OR($H11=S$2,$I11=S$2),"FC3",IF($J11=S$2,"FC3 Night","OFF")))) -> OFF | T11: =IF(OR($D11=T$2,$E11=T$2,$F11=T$2),"Day",IF($G11=T$2,"Night",IF(OR($H11=T$2,$I11=T$2),"FC3",IF($J11=T$2,"FC3 Night","")))) -> Night | U11: =IF(OR($D11=U$2,$E11=U$2,$F11=U$2),"Day",IF($G11=U$2,"Night",IF(OR($H11=U$2,$I11=U$2),"FC3",IF($J11=U$2,"FC3 Night","")))) | V11: =IF(OR($D11=V$2,$E11=V$2,$F11=V$2),"Day",IF($G11=V$2,"Night",IF(OR($H11=V$2,$I11=V$2),"FC3",IF($J11=V$2,"FC3 Night","")))) | W11: =IF(OR($D11=W$2,$E11=W$2,$F11=W$2),"Day",IF($G11=W$2,"Night",IF(OR($H11=W$2,$I11=W$2),"FC3",IF($J11=W$2,"FC3 Night","")))) | X11: =IF(OR($D11=X$2,$E11=X$2,$F11=X$2),"Day",IF($G11=X$2,"Night",IF(OR($H11=X$2,$I11=X$2),"FC3",IF($J11=X$2,"FC3 Night","")))) | Y11: =IF(OR($D11=Y$2,$E11=Y$2,$F11=Y$2),"Day",IF($G11=Y$2,"Night",IF(OR($H11=Y$2,$I11=Y$2),"FC3",IF($J11=Y$2,"FC3 Night","")))) | Z11: =IF(OR($D11=Z$2,$E11=Z$2,$F11=Z$2),"Day",IF($G11=Z$2,"Night",IF(OR($H11=Z$2,$I11=Z$2),"FC3",IF($J11=Z$2,"FC3 Night","")))) | AA11: 46328
A12: 11/03/26 | B12: Tue | C12: PP1 | D12: Mandie | E12: Maureen | G12: Todd | K12: =IF(OR($D12=K$2,$E12=K$2,$F12=K$2),"Day",IF($G12=K$2,"Night",IF(OR($H12=K$2,$I12=K$2),"FC3",IF($J12=K$2,"FC3 Night","")))) | L12: =IF(OR($D12=L$2,$E12=L$2,$F12=L$2),"Day",IF($G12=L$2,"Night",IF(OR($H12=L$2,$I12=L$2),"FC3",IF($J12=L$2,"FC3 Night","OFF")))) -> OFF | M12: =IF(OR($D12=M$2,$E12=M$2,$F12=M$2),"Day",IF($G12=M$2,"Night",IF(OR($H12=M$2,$I12=M$2),"FC3",IF($J12=M$2,"FC3 Night","")))) | N12: =IF(OR($D12=N$2,$E12=N$2,$F12=N$2),"Day",IF($G12=N$2,"Night",IF(OR($H12=N$2,$I12=N$2),"FC3",IF($J12=N$2,"FC3 Night","")))) -> Day | O12: =IF(OR($D12=O$2,$E12=O$2,$F12=O$2),"Day",IF($G12=O$2,"Night",IF(OR($H12=O$2,$I12=O$2),"FC3",IF($J12=O$2,"FC3 Night","")))) -> Day | P12: =IF(OR($D12=P$2,$E12=P$2,$F12=P$2),"Day",IF($G12=P$2,"Night",IF(OR($H12=P$2,$I12=P$2),"FC3",IF($J12=P$2,"FC3 Night","")))) | Q12: =IF(OR($D12=Q$2,$E12=Q$2,$F12=Q$2),"Day",IF($G12=Q$2,"Night",IF(OR($H12=Q$2,$I12=Q$2),"FC3",IF($J12=Q$2,"FC3 Night","")))) | R12: =IF(OR($D12=R$2,$E12=R$2,$F12=R$2),"Day",IF($G12=R$2,"Night",IF(OR($H12=R$2,$I12=R$2),"FC3",IF($J12=R$2,"FC3 Night","OFF")))) -> OFF | S12: =IF(OR($D12=S$2,$E12=S$2,$F12=S$2),"Day",IF($G12=S$2,"Night",IF(OR($H12=S$2,$I12=S$2),"FC3",IF($J12=S$2,"FC3 Night","OFF")))) -> OFF | T12: =IF(OR($D12=T$2,$E12=T$2,$F12=T$2),"Day",IF($G12=T$2,"Night",IF(OR($H12=T$2,$I12=T$2),"FC3",IF($J12=T$2,"FC3 Night","")))) -> Night | U12: =IF(OR($D12=U$2,$E12=U$2,$F12=U$2),"Day",IF($G12=U$2,"Night",IF(OR($H12=U$2,$I12=U$2),"FC3",IF($J12=U$2,"FC3 Night","")))) | V12: =IF(OR($D12=V$2,$E12=V$2,$F12=V$2),"Day",IF($G12=V$2,"Night",IF(OR($H12=V$2,$I12=V$2),"FC3",IF($J12=V$2,"FC3 Night","")))) | W12: =IF(OR($D12=W$2,$E12=W$2,$F12=W$2),"Day",IF($G12=W$2,"Night",IF(OR($H12=W$2,$I12=W$2),"FC3",IF($J12=W$2,"FC3 Night","")))) | X12: =IF(OR($D12=X$2,$E12=X$2,$F12=X$2),"Day",IF($G12=X$2,"Night",IF(OR($H12=X$2,$I12=X$2),"FC3",IF($J12=X$2,"FC3 Night","")))) | Y12: =IF(OR($D12=Y$2,$E12=Y$2,$F12=Y$2),"Day",IF($G12=Y$2,"Night",IF(OR($H12=Y$2,$I12=Y$2),"FC3",IF($J12=Y$2,"FC3 Night","")))) | Z12: =IF(OR($D12=Z$2,$E12=Z$2,$F12=Z$2),"Day",IF($G12=Z$2,"Night",IF(OR($H12=Z$2,$I12=Z$2),"FC3",IF($J12=Z$2,"FC3 Night","")))) | AA12: 46329
A13: 11/04/26 | B13: Wed | C13: PP1 | D13: Radha | E13: Katie | F13: Mandie | G13: Todd | K13: =IF(OR($D13=K$2,$E13=K$2,$F13=K$2),"Day",IF($G13=K$2,"Night",IF(OR($H13=K$2,$I13=K$2),"FC3",IF($J13=K$2,"FC3 Night","")))) -> Day | L13: =IF(OR($D13=L$2,$E13=L$2,$F13=L$2),"Day",IF($G13=L$2,"Night",IF(OR($H13=L$2,$I13=L$2),"FC3",IF($J13=L$2,"FC3 Night","")))) | M13: =IF(OR($D13=M$2,$E13=M$2,$F13=M$2),"Day",IF($G13=M$2,"Night",IF(OR($H13=M$2,$I13=M$2),"FC3",IF($J13=M$2,"FC3 Night","")))) | N13: =IF(OR($D13=N$2,$E13=N$2,$F13=N$2),"Day",IF($G13=N$2,"Night",IF(OR($H13=N$2,$I13=N$2),"FC3",IF($J13=N$2,"FC3 Night","")))) | O13: =IF(OR($D13=O$2,$E13=O$2,$F13=O$2),"Day",IF($G13=O$2,"Night",IF(OR($H13=O$2,$I13=O$2),"FC3",IF($J13=O$2,"FC3 Night","")))) -> Day | P13: =IF(OR($D13=P$2,$E13=P$2,$F13=P$2),"Day",IF($G13=P$2,"Night",IF(OR($H13=P$2,$I13=P$2),"FC3",IF($J13=P$2,"FC3 Night","")))) | Q13: =IF(OR($D13=Q$2,$E13=Q$2,$F13=Q$2),"Day",IF($G13=Q$2,"Night",IF(OR($H13=Q$2,$I13=Q$2),"FC3",IF($J13=Q$2,"FC3 Night","")))) | R13: =IF(OR($D13=R$2,$E13=R$2,$F13=R$2),"Day",IF($G13=R$2,"Night",IF(OR($H13=R$2,$I13=R$2),"FC3",IF($J13=R$2,"FC3 Night","")))) -> Day | S13: =IF(OR($D13=S$2,$E13=S$2,$F13=S$2),"Day",IF($G13=S$2,"Night",IF(OR($H13=S$2,$I13=S$2),"FC3",IF($J13=S$2,"FC3 Night","OFF")))) -> OFF | T13: =IF(OR($D13=T$2,$E13=T$2,$F13=T$2),"Day",IF($G13=T$2,"Night",IF(OR($H13=T$2,$I13=T$2),"FC3",IF($J13=T$2,"FC3 Night","")))) -> Night | U13: =IF(OR($D13=U$2,$E13=U$2,$F13=U$2),"Day",IF($G13=U$2,"Night",IF(OR($H13=U$2,$I13=U$2),"FC3",IF($J13=U$2,"FC3 Night","")))) | V13: =IF(OR($D13=V$2,$E13=V$2,$F13=V$2),"Day",IF($G13=V$2,"Night",IF(OR($H13=V$2,$I13=V$2),"FC3",IF($J13=V$2,"FC3 Night","")))) | W13: =IF(OR($D13=W$2,$E13=W$2,$F13=W$2),"Day",IF($G13=W$2,"Night",IF(OR($H13=W$2,$I13=W$2),"FC3",IF($J13=W$2,"FC3 Night","")))) | X13: =IF(OR($D13=X$2,$E13=X$2,$F13=X$2),"Day",IF($G13=X$2,"Night",IF(OR($H13=X$2,$I13=X$2),"FC3",IF($J13=X$2,"FC3 Night","")))) | Y13: =IF(OR($D13=Y$2,$E13=Y$2,$F13=Y$2),"Day",IF($G13=Y$2,"Night",IF(OR($H13=Y$2,$I13=Y$2),"FC3",IF($J13=Y$2,"FC3 Night","")))) | Z13: =IF(OR($D13=Z$2,$E13=Z$2,$F13=Z$2),"Day",IF($G13=Z$2,"Night",IF(OR($H13=Z$2,$I13=Z$2),"FC3",IF($J13=Z$2,"FC3 Night","")))) | AA13: 46330
A14: 11/05/26 | B14: Thu | C14: PP1 | D14: Katie | E14: Radha | G14: Hayden | K14: =IF(OR($D14=K$2,$E14=K$2,$F14=K$2),"Day",IF($G14=K$2,"Night",IF(OR($H14=K$2,$I14=K$2),"FC3",IF($J14=K$2,"FC3 Night","")))) -> Day | L14: =IF(OR($D14=L$2,$E14=L$2,$F14=L$2),"Day",IF($G14=L$2,"Night",IF(OR($H14=L$2,$I14=L$2),"FC3",IF($J14=L$2,"FC3 Night","")))) -> Night | M14: =IF(OR($D14=M$2,$E14=M$2,$F14=M$2),"Day",IF($G14=M$2,"Night",IF(OR($H14=M$2,$I14=M$2),"FC3",IF($J14=M$2,"FC3 Night","")))) | N14: =IF(OR($D14=N$2,$E14=N$2,$F14=N$2),"Day",IF($G14=N$2,"Night",IF(OR($H14=N$2,$I14=N$2),"FC3",IF($J14=N$2,"FC3 Night","")))) | O14: =IF(OR($D14=O$2,$E14=O$2,$F14=O$2),"Day",IF($G14=O$2,"Night",IF(OR($H14=O$2,$I14=O$2),"FC3",IF($J14=O$2,"FC3 Night","")))) | P14: =IF(OR($D14=P$2,$E14=P$2,$F14=P$2),"Day",IF($G14=P$2,"Night",IF(OR($H14=P$2,$I14=P$2),"FC3",IF($J14=P$2,"FC3 Night","")))) | Q14: =IF(OR($D14=Q$2,$E14=Q$2,$F14=Q$2),"Day",IF($G14=Q$2,"Night",IF(OR($H14=Q$2,$I14=Q$2),"FC3",IF($J14=Q$2,"FC3 Night","")))) | R14: =IF(OR($D14=R$2,$E14=R$2,$F14=R$2),"Day",IF($G14=R$2,"Night",IF(OR($H14=R$2,$I14=R$2),"FC3",IF($J14=R$2,"FC3 Night","")))) -> Day | S14: =IF(OR($D14=S$2,$E14=S$2,$F14=S$2),"Day",IF($G14=S$2,"Night",IF(OR($H14=S$2,$I14=S$2),"FC3",IF($J14=S$2,"FC3 Night","OFF")))) -> OFF | T14: =IF(OR($D14=T$2,$E14=T$2,$F14=T$2),"Day",IF($G14=T$2,"Night",IF(OR($H14=T$2,$I14=T$2),"FC3",IF($J14=T$2,"FC3 Night",IF(AND(COUNTA($D14:$G14)<4,Summary!$AB$8<Summary!$AB$1),"Yellow",""))))) | U14: =IF(OR($D14=U$2,$E14=U$2,$F14=U$2),"Day",IF($G14=U$2,"Night",IF(OR($H14=U$2,$I14=U$2),"FC3",IF($J14=U$2,"FC3 Night","")))) | V14: =IF(OR($D14=V$2,$E14=V$2,$F14=V$2),"Day",IF($G14=V$2,"Night",IF(OR($H14=V$2,$I14=V$2),"FC3",IF($J14=V$2,"FC3 Night","")))) | W14: =IF(OR($D14=W$2,$E14=W$2,$F14=W$2),"Day",IF($G14=W$2,"Night",IF(OR($H14=W$2,$I14=W$2),"FC3",IF($J14=W$2,"FC3 Night","")))) | X14: =IF(OR($D14=X$2,$E14=X$2,$F14=X$2),"Day",IF($G14=X$2,"Night",IF(OR($H14=X$2,$I14=X$2),"FC3",IF($J14=X$2,"FC3 Night","")))) | Y14: =IF(OR($D14=Y$2,$E14=Y$2,$F14=Y$2),"Day",IF($G14=Y$2,"Night",IF(OR($H14=Y$2,$I14=Y$2),"FC3",IF($J14=Y$2,"FC3 Night","")))) | Z14: =IF(OR($D14=Z$2,$E14=Z$2,$F14=Z$2),"Day",IF($G14=Z$2,"Night",IF(OR($H14=Z$2,$I14=Z$2),"FC3",IF($J14=Z$2,"FC3 Night","")))) | AA14: 46331
A15: 11/06/26 | B15: Fri | C15: PP1 | D15: John | E15: Kristin | G15: Hayden | K15: =IF(OR($D15=K$2,$E15=K$2,$F15=K$2),"Day",IF($G15=K$2,"Night",IF(OR($H15=K$2,$I15=K$2),"FC3",IF($J15=K$2,"FC3 Night","")))) | L15: =IF(OR($D15=L$2,$E15=L$2,$F15=L$2),"Day",IF($G15=L$2,"Night",IF(OR($H15=L$2,$I15=L$2),"FC3",IF($J15=L$2,"FC3 Night","")))) -> Night | M15: =IF(OR($D15=M$2,$E15=M$2,$F15=M$2),"Day",IF($G15=M$2,"Night",IF(OR($H15=M$2,$I15=M$2),"FC3",IF($J15=M$2,"FC3 Night","")))) -> Day | N15: =IF(OR($D15=N$2,$E15=N$2,$F15=N$2),"Day",IF($G15=N$2,"Night",IF(OR($H15=N$2,$I15=N$2),"FC3",IF($J15=N$2,"FC3 Night","OFF")))) -> OFF | O15: =IF(OR($D15=O$2,$E15=O$2,$F15=O$2),"Day",IF($G15=O$2,"Night",IF(OR($H15=O$2,$I15=O$2),"FC3",IF($J15=O$2,"FC3 Night","OFF")))) -> OFF | P15: =IF(OR($D15=P$2,$E15=P$2,$F15=P$2),"Day",IF($G15=P$2,"Night",IF(OR($H15=P$2,$I15=P$2),"FC3",IF($J15=P$2,"FC3 Night","OFF")))) -> OFF | Q15: =IF(OR($D15=Q$2,$E15=Q$2,$F15=Q$2),"Day",IF($G15=Q$2,"Night",IF(OR($H15=Q$2,$I15=Q$2),"FC3",IF($J15=Q$2,"FC3 Night","")))) -> Day | R15: =IF(OR($D15=R$2,$E15=R$2,$F15=R$2),"Day",IF($G15=R$2,"Night",IF(OR($H15=R$2,$I15=R$2),"FC3",IF($J15=R$2,"FC3 Night","OFF")))) -> OFF | S15: =IF(OR($D15=S$2,$E15=S$2,$F15=S$2),"Day",IF($G15=S$2,"Night",IF(OR($H15=S$2,$I15=S$2),"FC3",IF($J15=S$2,"FC3 Night","OFF")))) -> OFF | T15: =IF(OR($D15=T$2,$E15=T$2,$F15=T$2),"Day",IF($G15=T$2,"Night",IF(OR($H15=T$2,$I15=T$2),"FC3",IF($J15=T$2,"FC3 Night","")))) | U15: =IF(OR($D15=U$2,$E15=U$2,$F15=U$2),"Day",IF($G15=U$2,"Night",IF(OR($H15=U$2,$I15=U$2),"FC3",IF($J15=U$2,"FC3 Night","")))) | V15: =IF(OR($D15=V$2,$E15=V$2,$F15=V$2),"Day",IF($G15=V$2,"Night",IF(OR($H15=V$2,$I15=V$2),"FC3",IF($J15=V$2,"FC3 Night","")))) | W15: =IF(OR($D15=W$2,$E15=W$2,$F15=W$2),"Day",IF($G15=W$2,"Night",IF(OR($H15=W$2,$I15=W$2),"FC3",IF($J15=W$2,"FC3 Night","")))) | X15: =IF(OR($D15=X$2,$E15=X$2,$F15=X$2),"Day",IF($G15=X$2,"Night",IF(OR($H15=X$2,$I15=X$2),"FC3",IF($J15=X$2,"FC3 Night","")))) | Y15: =IF(OR($D15=Y$2,$E15=Y$2,$F15=Y$2),"Day",IF($G15=Y$2,"Night",IF(OR($H15=Y$2,$I15=Y$2),"FC3",IF($J15=Y$2,"FC3 Night","")))) | Z15: =IF(OR($D15=Z$2,$E15=Z$2,$F15=Z$2),"Day",IF($G15=Z$2,"Night",IF(OR($H15=Z$2,$I15=Z$2),"FC3",IF($J15=Z$2,"FC3 Night","")))) | AA15: 46332
A16: 11/07/26 | B16: Sat | C16: PP1 | D16: John | E16: Todd | G16: Hayden | K16: =IF(OR($D16=K$2,$E16=K$2,$F16=K$2),"Day",IF($G16=K$2,"Night",IF(OR($H16=K$2,$I16=K$2),"FC3",IF($J16=K$2,"FC3 Night","")))) | L16: =IF(OR($D16=L$2,$E16=L$2,$F16=L$2),"Day",IF($G16=L$2,"Night",IF(OR($H16=L$2,$I16=L$2),"FC3",IF($J16=L$2,"FC3 Night","")))) -> Night | M16: =IF(OR($D16=M$2,$E16=M$2,$F16=M$2),"Day",IF($G16=M$2,"Night",IF(OR($H16=M$2,$I16=M$2),"FC3",IF($J16=M$2,"FC3 Night","")))) -> Day | N16: =IF(OR($D16=N$2,$E16=N$2,$F16=N$2),"Day",IF($G16=N$2,"Night",IF(OR($H16=N$2,$I16=N$2),"FC3",IF($J16=N$2,"FC3 Night","CME")))) -> CME | O16: =IF(OR($D16=O$2,$E16=O$2,$F16=O$2),"Day",IF($G16=O$2,"Night",IF(OR($H16=O$2,$I16=O$2),"FC3",IF($J16=O$2,"FC3 Night","OFF")))) -> OFF | P16: =IF(OR($D16=P$2,$E16=P$2,$F16=P$2),"Day",IF($G16=P$2,"Night",IF(OR($H16=P$2,$I16=P$2),"FC3",IF($J16=P$2,"FC3 Night","CME")))) -> CME | Q16: =IF(OR($D16=Q$2,$E16=Q$2,$F16=Q$2),"Day",IF($G16=Q$2,"Night",IF(OR($H16=Q$2,$I16=Q$2),"FC3",IF($J16=Q$2,"FC3 Night","CME")))) -> CME | R16: =IF(OR($D16=R$2,$E16=R$2,$F16=R$2),"Day",IF($G16=R$2,"Night",IF(OR($H16=R$2,$I16=R$2),"FC3",IF($J16=R$2,"FC3 Night","OFF")))) -> OFF | S16: =IF(OR($D16=S$2,$E16=S$2,$F16=S$2),"Day",IF($G16=S$2,"Night",IF(OR($H16=S$2,$I16=S$2),"FC3",IF($J16=S$2,"FC3 Night","OFF")))) -> OFF | T16: =IF(OR($D16=T$2,$E16=T$2,$F16=T$2),"Day",IF($G16=T$2,"Night",IF(OR($H16=T$2,$I16=T$2),"FC3",IF($J16=T$2,"FC3 Night","")))) -> Day | U16: =IF(OR($D16=U$2,$E16=U$2,$F16=U$2),"Day",IF($G16=U$2,"Night",IF(OR($H16=U$2,$I16=U$2),"FC3",IF($J16=U$2,"FC3 Night","")))) | V16: =IF(OR($D16=V$2,$E16=V$2,$F16=V$2),"Day",IF($G16=V$2,"Night",IF(OR($H16=V$2,$I16=V$2),"FC3",IF($J16=V$2,"FC3 Night","")))) | W16: =IF(OR($D16=W$2,$E16=W$2,$F16=W$2),"Day",IF($G16=W$2,"Night",IF(OR($H16=W$2,$I16=W$2),"FC3",IF($J16=W$2,"FC3 Night","")))) | X16: =IF(OR($D16=X$2,$E16=X$2,$F16=X$2),"Day",IF($G16=X$2,"Night",IF(OR($H16=X$2,$I16=X$2),"FC3",IF($J16=X$2,"FC3 Night","")))) | Y16: =IF(OR($D16=Y$2,$E16=Y$2,$F16=Y$2),"Day",IF($G16=Y$2,"Night",IF(OR($H16=Y$2,$I16=Y$2),"FC3",IF($J16=Y$2,"FC3 Night","")))) | Z16: =IF(OR($D16=Z$2,$E16=Z$2,$F16=Z$2),"Day",IF($G16=Z$2,"Night",IF(OR($H16=Z$2,$I16=Z$2),"FC3",IF($J16=Z$2,"FC3 Night","")))) | AA16: 46333
A17: 11/08/26 | B17: Sun | C17: PP1 | D17: John | E17: Todd | G17: Katie | K17: =IF(OR($D17=K$2,$E17=K$2,$F17=K$2),"Day",IF($G17=K$2,"Night",IF(OR($H17=K$2,$I17=K$2),"FC3",IF($J17=K$2,"FC3 Night","")))) -> Night | L17: =IF(OR($D17=L$2,$E17=L$2,$F17=L$2),"Day",IF($G17=L$2,"Night",IF(OR($H17=L$2,$I17=L$2),"FC3",IF($J17=L$2,"FC3 Night","")))) | M17: =IF(OR($D17=M$2,$E17=M$2,$F17=M$2),"Day",IF($G17=M$2,"Night",IF(OR($H17=M$2,$I17=M$2),"FC3",IF($J17=M$2,"FC3 Night","")))) -> Day | N17: =IF(OR($D17=N$2,$E17=N$2,$F17=N$2),"Day",IF($G17=N$2,"Night",IF(OR($H17=N$2,$I17=N$2),"FC3",IF($J17=N$2,"FC3 Night","CME")))) -> CME | O17: =IF(OR($D17=O$2,$E17=O$2,$F17=O$2),"Day",IF($G17=O$2,"Night",IF(OR($H17=O$2,$I17=O$2),"FC3",IF($J17=O$2,"FC3 Night","OFF")))) -> OFF | P17: =IF(OR($D17=P$2,$E17=P$2,$F17=P$2),"Day",IF($G17=P$2,"Night",IF(OR($H17=P$2,$I17=P$2),"FC3",IF($J17=P$2,"FC3 Night","CME")))) -> CME | Q17: =IF(OR($D17=Q$2,$E17=Q$2,$F17=Q$2),"Day",IF($G17=Q$2,"Night",IF(OR($H17=Q$2,$I17=Q$2),"FC3",IF($J17=Q$2,"FC3 Night","CME")))) -> CME | R17: =IF(OR($D17=R$2,$E17=R$2,$F17=R$2),"Day",IF($G17=R$2,"Night",IF(OR($H17=R$2,$I17=R$2),"FC3",IF($J17=R$2,"FC3 Night","OFF")))) -> OFF | S17: =IF(OR($D17=S$2,$E17=S$2,$F17=S$2),"Day",IF($G17=S$2,"Night",IF(OR($H17=S$2,$I17=S$2),"FC3",IF($J17=S$2,"FC3 Night","OFF")))) -> OFF | T17: =IF(OR($D17=T$2,$E17=T$2,$F17=T$2),"Day",IF($G17=T$2,"Night",IF(OR($H17=T$2,$I17=T$2),"FC3",IF($J17=T$2,"FC3 Night","")))) -> Day | U17: =IF(OR($D17=U$2,$E17=U$2,$F17=U$2),"Day",IF($G17=U$2,"Night",IF(OR($H17=U$2,$I17=U$2),"FC3",IF($J17=U$2,"FC3 Night","")))) | V17: =IF(OR($D17=V$2,$E17=V$2,$F17=V$2),"Day",IF($G17=V$2,"Night",IF(OR($H17=V$2,$I17=V$2),"FC3",IF($J17=V$2,"FC3 Night","")))) | W17: =IF(OR($D17=W$2,$E17=W$2,$F17=W$2),"Day",IF($G17=W$2,"Night",IF(OR($H17=W$2,$I17=W$2),"FC3",IF($J17=W$2,"FC3 Night","")))) | X17: =IF(OR($D17=X$2,$E17=X$2,$F17=X$2),"Day",IF($G17=X$2,"Night",IF(OR($H17=X$2,$I17=X$2),"FC3",IF($J17=X$2,"FC3 Night","")))) | Y17: =IF(OR($D17=Y$2,$E17=Y$2,$F17=Y$2),"Day",IF($G17=Y$2,"Night",IF(OR($H17=Y$2,$I17=Y$2),"FC3",IF($J17=Y$2,"FC3 Night","")))) | Z17: =IF(OR($D17=Z$2,$E17=Z$2,$F17=Z$2),"Day",IF($G17=Z$2,"Night",IF(OR($H17=Z$2,$I17=Z$2),"FC3",IF($J17=Z$2,"FC3 Night","")))) | AA17: 46334
A18: PP2 Nov 09 – Nov 22 | K18: T:6 | L18: T:5/C:1 | M18: T:6 | N18: T:5/C:1 | O18: T:5/C:1 | P18: T:5 | Q18: T:5/C:1 | R18: T:5 | S18: T:0 | T18: T:5/C:1 | U18: T:0 | V18: T:0 | W18: T:0 | X18: T:0 | Y18: T:0 | Z18: T:0
A19: 11/09/26 | B19: Mon | C19: PP2 | D19: John | E19: Caroline | G19: Katie | K19: =IF(OR($D19=K$2,$E19=K$2,$F19=K$2),"Day",IF($G19=K$2,"Night",IF(OR($H19=K$2,$I19=K$2),"FC3",IF($J19=K$2,"FC3 Night","")))) -> Night | L19: =IF(OR($D19=L$2,$E19=L$2,$F19=L$2),"Day",IF($G19=L$2,"Night",IF(OR($H19=L$2,$I19=L$2),"FC3",IF($J19=L$2,"FC3 Night","CME")))) -> CME | M19: =IF(OR($D19=M$2,$E19=M$2,$F19=M$2),"Day",IF($G19=M$2,"Night",IF(OR($H19=M$2,$I19=M$2),"FC3",IF($J19=M$2,"FC3 Night","")))) -> Day | N19: =IF(OR($D19=N$2,$E19=N$2,$F19=N$2),"Day",IF($G19=N$2,"Night",IF(OR($H19=N$2,$I19=N$2),"FC3",IF($J19=N$2,"FC3 Night","CME")))) -> CME | O19: =IF(OR($D19=O$2,$E19=O$2,$F19=O$2),"Day",IF($G19=O$2,"Night",IF(OR($H19=O$2,$I19=O$2),"FC3",IF($J19=O$2,"FC3 Night","CME")))) -> CME | P19: =IF(OR($D19=P$2,$E19=P$2,$F19=P$2),"Day",IF($G19=P$2,"Night",IF(OR($H19=P$2,$I19=P$2),"FC3",IF($J19=P$2,"FC3 Night","")))) -> Day | Q19: =IF(OR($D19=Q$2,$E19=Q$2,$F19=Q$2),"Day",IF($G19=Q$2,"Night",IF(OR($H19=Q$2,$I19=Q$2),"FC3",IF($J19=Q$2,"FC3 Night","CME")))) -> CME | R19: =IF(OR($D19=R$2,$E19=R$2,$F19=R$2),"Day",IF($G19=R$2,"Night",IF(OR($H19=R$2,$I19=R$2),"FC3",IF($J19=R$2,"FC3 Night","OFF")))) -> OFF | S19: =IF(OR($D19=S$2,$E19=S$2,$F19=S$2),"Day",IF($G19=S$2,"Night",IF(OR($H19=S$2,$I19=S$2),"FC3",IF($J19=S$2,"FC3 Night","OFF")))) -> OFF | T19: =IF(OR($D19=T$2,$E19=T$2,$F19=T$2),"Day",IF($G19=T$2,"Night",IF(OR($H19=T$2,$I19=T$2),"FC3",IF($J19=T$2,"FC3 Night","CME")))) -> CME | U19: =IF(OR($D19=U$2,$E19=U$2,$F19=U$2),"Day",IF($G19=U$2,"Night",IF(OR($H19=U$2,$I19=U$2),"FC3",IF($J19=U$2,"FC3 Night","")))) | V19: =IF(OR($D19=V$2,$E19=V$2,$F19=V$2),"Day",IF($G19=V$2,"Night",IF(OR($H19=V$2,$I19=V$2),"FC3",IF($J19=V$2,"FC3 Night","")))) | W19: =IF(OR($D19=W$2,$E19=W$2,$F19=W$2),"Day",IF($G19=W$2,"Night",IF(OR($H19=W$2,$I19=W$2),"FC3",IF($J19=W$2,"FC3 Night","")))) | X19: =IF(OR($D19=X$2,$E19=X$2,$F19=X$2),"Day",IF($G19=X$2,"Night",IF(OR($H19=X$2,$I19=X$2),"FC3",IF($J19=X$2,"FC3 Night","")))) | Y19: =IF(OR($D19=Y$2,$E19=Y$2,$F19=Y$2),"Day",IF($G19=Y$2,"Night",IF(OR($H19=Y$2,$I19=Y$2),"FC3",IF($J19=Y$2,"FC3 Night","")))) | Z19: =IF(OR($D19=Z$2,$E19=Z$2,$F19=Z$2),"Day",IF($G19=Z$2,"Night",IF(OR($H19=Z$2,$I19=Z$2),"FC3",IF($J19=Z$2,"FC3 Night","")))) | AA19: 46335
A20: 11/10/26 | B20: Tue | C20: PP2 | D20: Hayden | E20: Todd | F20: Kristin | G20: Katie | K20: =IF(OR($D20=K$2,$E20=K$2,$F20=K$2),"Day",IF($G20=K$2,"Night",IF(OR($H20=K$2,$I20=K$2),"FC3",IF($J20=K$2,"FC3 Night","")))) -> Night | L20: =IF(OR($D20=L$2,$E20=L$2,$F20=L$2),"Day",IF($G20=L$2,"Night",IF(OR($H20=L$2,$I20=L$2),"FC3",IF($J20=L$2,"FC3 Night","")))) -> Day | M20: =IF(OR($D20=M$2,$E20=M$2,$F20=M$2),"Day",IF($G20=M$2,"Night",IF(OR($H20=M$2,$I20=M$2),"FC3",IF($J20=M$2,"FC3 Night","")))) | N20: =IF(OR($D20=N$2,$E20=N$2,$F20=N$2),"Day",IF($G20=N$2,"Night",IF(OR($H20=N$2,$I20=N$2),"FC3",IF($J20=N$2,"FC3 Night","")))) | O20: =IF(OR($D20=O$2,$E20=O$2,$F20=O$2),"Day",IF($G20=O$2,"Night",IF(OR($H20=O$2,$I20=O$2),"FC3",IF($J20=O$2,"FC3 Night","")))) | P20: =IF(OR($D20=P$2,$E20=P$2,$F20=P$2),"Day",IF($G20=P$2,"Night",IF(OR($H20=P$2,$I20=P$2),"FC3",IF($J20=P$2,"FC3 Night","")))) | Q20: =IF(OR($D20=Q$2,$E20=Q$2,$F20=Q$2),"Day",IF($G20=Q$2,"Night",IF(OR($H20=Q$2,$I20=Q$2),"FC3",IF($J20=Q$2,"FC3 Night","")))) -> Day | R20: =IF(OR($D20=R$2,$E20=R$2,$F20=R$2),"Day",IF($G20=R$2,"Night",IF(OR($H20=R$2,$I20=R$2),"FC3",IF($J20=R$2,"FC3 Night","OFF")))) -> OFF | S20: =IF(OR($D20=S$2,$E20=S$2,$F20=S$2),"Day",IF($G20=S$2,"Night",IF(OR($H20=S$2,$I20=S$2),"FC3",IF($J20=S$2,"FC3 Night","OFF")))) -> OFF | T20: =IF(OR($D20=T$2,$E20=T$2,$F20=T$2),"Day",IF($G20=T$2,"Night",IF(OR($H20=T$2,$I20=T$2),"FC3",IF($J20=T$2,"FC3 Night","")))) -> Day | U20: =IF(OR($D20=U$2,$E20=U$2,$F20=U$2),"Day",IF($G20=U$2,"Night",IF(OR($H20=U$2,$I20=U$2),"FC3",IF($J20=U$2,"FC3 Night","")))) | V20: =IF(OR($D20=V$2,$E20=V$2,$F20=V$2),"Day",IF($G20=V$2,"Night",IF(OR($H20=V$2,$I20=V$2),"FC3",IF($J20=V$2,"FC3 Night","")))) | W20: =IF(OR($D20=W$2,$E20=W$2,$F20=W$2),"Day",IF($G20=W$2,"Night",IF(OR($H20=W$2,$I20=W$2),"FC3",IF($J20=W$2,"FC3 Night","")))) | X20: =IF(OR($D20=X$2,$E20=X$2,$F20=X$2),"Day",IF($G20=X$2,"Night",IF(OR($H20=X$2,$I20=X$2),"FC3",IF($J20=X$2,"FC3 Night","")))) | Y20: =IF(OR($D20=Y$2,$E20=Y$2,$F20=Y$2),"Day",IF($G20=Y$2,"Night",IF(OR($H20=Y$2,$I20=Y$2),"FC3",IF($J20=Y$2,"FC3 Night","")))) | Z20: =IF(OR($D20=Z$2,$E20=Z$2,$F20=Z$2),"Day",IF($G20=Z$2,"Night",IF(OR($H20=Z$2,$I20=Z$2),"FC3",IF($J20=Z$2,"FC3 Night","")))) | AA20: 46336
A21: 11/11/26 | B21: Wed | C21: PP2 | D21: Todd | E21: Hayden | F21: Caroline | G21: Mandie | K21: =IF(OR($D21=K$2,$E21=K$2,$F21=K$2),"Day",IF($G21=K$2,"Night",IF(OR($H21=K$2,$I21=K$2),"FC3",IF($J21=K$2,"FC3 Night","")))) | L21: =IF(OR($D21=L$2,$E21=L$2,$F21=L$2),"Day",IF($G21=L$2,"Night",IF(OR($H21=L$2,$I21=L$2),"FC3",IF($J21=L$2,"FC3 Night","")))) -> Day | M21: =IF(OR($D21=M$2,$E21=M$2,$F21=M$2),"Day",IF($G21=M$2,"Night",IF(OR($H21=M$2,$I21=M$2),"FC3",IF($J21=M$2,"FC3 Night","")))) | N21: =IF(OR($D21=N$2,$E21=N$2,$F21=N$2),"Day",IF($G21=N$2,"Night",IF(OR($H21=N$2,$I21=N$2),"FC3",IF($J21=N$2,"FC3 Night","")))) | O21: =IF(OR($D21=O$2,$E21=O$2,$F21=O$2),"Day",IF($G21=O$2,"Night",IF(OR($H21=O$2,$I21=O$2),"FC3",IF($J21=O$2,"FC3 Night","")))) -> Night | P21: =IF(OR($D21=P$2,$E21=P$2,$F21=P$2),"Day",IF($G21=P$2,"Night",IF(OR($H21=P$2,$I21=P$2),"FC3",IF($J21=P$2,"FC3 Night","")))) -> Day | Q21: =IF(OR($D21=Q$2,$E21=Q$2,$F21=Q$2),"Day",IF($G21=Q$2,"Night",IF(OR($H21=Q$2,$I21=Q$2),"FC3",IF($J21=Q$2,"FC3 Night",IF(AND(COUNTA($D21:$G21)<4,Summary!$Y$9<Summary!$Y$2),"Yellow",""))))) | R21: =IF(OR($D21=R$2,$E21=R$2,$F21=R$2),"Day",IF($G21=R$2,"Night",IF(OR($H21=R$2,$I21=R$2),"FC3",IF($J21=R$2,"FC3 Night","OFF")))) -> OFF | S21: =IF(OR($D21=S$2,$E21=S$2,$F21=S$2),"Day",IF($G21=S$2,"Night",IF(OR($H21=S$2,$I21=S$2),"FC3",IF($J21=S$2,"FC3 Night","OFF")))) -> OFF | T21: =IF(OR($D21=T$2,$E21=T$2,$F21=T$2),"Day",IF($G21=T$2,"Night",IF(OR($H21=T$2,$I21=T$2),"FC3",IF($J21=T$2,"FC3 Night","")))) -> Day | U21: =IF(OR($D21=U$2,$E21=U$2,$F21=U$2),"Day",IF($G21=U$2,"Night",IF(OR($H21=U$2,$I21=U$2),"FC3",IF($J21=U$2,"FC3 Night","")))) | V21: =IF(OR($D21=V$2,$E21=V$2,$F21=V$2),"Day",IF($G21=V$2,"Night",IF(OR($H21=V$2,$I21=V$2),"FC3",IF($J21=V$2,"FC3 Night","")))) | W21: =IF(OR($D21=W$2,$E21=W$2,$F21=W$2),"Day",IF($G21=W$2,"Night",IF(OR($H21=W$2,$I21=W$2),"FC3",IF($J21=W$2,"FC3 Night","")))) | X21: =IF(OR($D21=X$2,$E21=X$2,$F21=X$2),"Day",IF($G21=X$2,"Night",IF(OR($H21=X$2,$I21=X$2),"FC3",IF($J21=X$2,"FC3 Night","")))) | Y21: =IF(OR($D21=Y$2,$E21=Y$2,$F21=Y$2),"Day",IF($G21=Y$2,"Night",IF(OR($H21=Y$2,$I21=Y$2),"FC3",IF($J21=Y$2,"FC3 Night","")))) | Z21: =IF(OR($D21=Z$2,$E21=Z$2,$F21=Z$2),"Day",IF($G21=Z$2,"Night",IF(OR($H21=Z$2,$I21=Z$2),"FC3",IF($J21=Z$2,"FC3 Night","")))) | AA21: 46337
A22: 11/12/26 | B22: Thu | C22: PP2 | D22: Caroline | E22: Maureen | G22: Mandie | K22: =IF(OR($D22=K$2,$E22=K$2,$F22=K$2),"Day",IF($G22=K$2,"Night",IF(OR($H22=K$2,$I22=K$2),"FC3",IF($J22=K$2,"FC3 Night","")))) | L22: =IF(OR($D22=L$2,$E22=L$2,$F22=L$2),"Day",IF($G22=L$2,"Night",IF(OR($H22=L$2,$I22=L$2),"FC3",IF($J22=L$2,"FC3 Night",IF(AND(COUNTA($D22:$G22)<4,Summary!$T$9<Summary!$T$2),"Yellow",""))))) | M22: =IF(OR($D22=M$2,$E22=M$2,$F22=M$2),"Day",IF($G22=M$2,"Night",IF(OR($H22=M$2,$I22=M$2),"FC3",IF($J22=M$2,"FC3 Night","")))) | N22: =IF(OR($D22=N$2,$E22=N$2,$F22=N$2),"Day",IF($G22=N$2,"Night",IF(OR($H22=N$2,$I22=N$2),"FC3",IF($J22=N$2,"FC3 Night","")))) -> Day | O22: =IF(OR($D22=O$2,$E22=O$2,$F22=O$2),"Day",IF($G22=O$2,"Night",IF(OR($H22=O$2,$I22=O$2),"FC3",IF($J22=O$2,"FC3 Night","")))) -> Night | P22: =IF(OR($D22=P$2,$E22=P$2,$F22=P$2),"Day",IF($G22=P$2,"Night",IF(OR($H22=P$2,$I22=P$2),"FC3",IF($J22=P$2,"FC3 Night","")))) -> Day | Q22: =IF(OR($D22=Q$2,$E22=Q$2,$F22=Q$2),"Day",IF($G22=Q$2,"Night",IF(OR($H22=Q$2,$I22=Q$2),"FC3",IF($J22=Q$2,"FC3 Night","OFF")))) -> OFF | R22: =IF(OR($D22=R$2,$E22=R$2,$F22=R$2),"Day",IF($G22=R$2,"Night",IF(OR($H22=R$2,$I22=R$2),"FC3",IF($J22=R$2,"FC3 Night","OFF")))) -> OFF | S22: =IF(OR($D22=S$2,$E22=S$2,$F22=S$2),"Day",IF($G22=S$2,"Night",IF(OR($H22=S$2,$I22=S$2),"FC3",IF($J22=S$2,"FC3 Night","OFF")))) -> OFF | T22: =IF(OR($D22=T$2,$E22=T$2,$F22=T$2),"Day",IF($G22=T$2,"Night",IF(OR($H22=T$2,$I22=T$2),"FC3",IF($J22=T$2,"FC3 Night",IF(AND(COUNTA($D22:$G22)<4,Summary!$AB$9<Summary!$AB$2),"Yellow",""))))) | U22: =IF(OR($D22=U$2,$E22=U$2,$F22=U$2),"Day",IF($G22=U$2,"Night",IF(OR($H22=U$2,$I22=U$2),"FC3",IF($J22=U$2,"FC3 Night","")))) | V22: =IF(OR($D22=V$2,$E22=V$2,$F22=V$2),"Day",IF($G22=V$2,"Night",IF(OR($H22=V$2,$I22=V$2),"FC3",IF($J22=V$2,"FC3 Night","")))) | W22: =IF(OR($D22=W$2,$E22=W$2,$F22=W$2),"Day",IF($G22=W$2,"Night",IF(OR($H22=W$2,$I22=W$2),"FC3",IF($J22=W$2,"FC3 Night","")))) | X22: =IF(OR($D22=X$2,$E22=X$2,$F22=X$2),"Day",IF($G22=X$2,"Night",IF(OR($H22=X$2,$I22=X$2),"FC3",IF($J22=X$2,"FC3 Night","")))) | Y22: =IF(OR($D22=Y$2,$E22=Y$2,$F22=Y$2),"Day",IF($G22=Y$2,"Night",IF(OR($H22=Y$2,$I22=Y$2),"FC3",IF($J22=Y$2,"FC3 Night","")))) | Z22: =IF(OR($D22=Z$2,$E22=Z$2,$F22=Z$2),"Day",IF($G22=Z$2,"Night",IF(OR($H22=Z$2,$I22=Z$2),"FC3",IF($J22=Z$2,"FC3 Night","")))) | AA22: 46338
A23: 11/13/26 | B23: Fri | C23: PP2 | D23: Maureen | E23: John | F23: Caroline | G23: Mandie | K23: =IF(OR($D23=K$2,$E23=K$2,$F23=K$2),"Day",IF($G23=K$2,"Night",IF(OR($H23=K$2,$I23=K$2),"FC3",IF($J23=K$2,"FC3 Night","")))) | L23: =IF(OR($D23=L$2,$E23=L$2,$F23=L$2),"Day",IF($G23=L$2,"Night",IF(OR($H23=L$2,$I23=L$2),"FC3",IF($J23=L$2,"FC3 Night",IF(AND(COUNTA($D23:$G23)<4,Summary!$T$9<Summary!$T$2),"Yellow",""))))) | M23: =IF(OR($D23=M$2,$E23=M$2,$F23=M$2),"Day",IF($G23=M$2,"Night",IF(OR($H23=M$2,$I23=M$2),"FC3",IF($J23=M$2,"FC3 Night","")))) -> Day | N23: =IF(OR($D23=N$2,$E23=N$2,$F23=N$2),"Day",IF($G23=N$2,"Night",IF(OR($H23=N$2,$I23=N$2),"FC3",IF($J23=N$2,"FC3 Night","")))) -> Day | O23: =IF(OR($D23=O$2,$E23=O$2,$F23=O$2),"Day",IF($G23=O$2,"Night",IF(OR($H23=O$2,$I23=O$2),"FC3",IF($J23=O$2,"FC3 Night","")))) -> Night | P23: =IF(OR($D23=P$2,$E23=P$2,$F23=P$2),"Day",IF($G23=P$2,"Night",IF(OR($H23=P$2,$I23=P$2),"FC3",IF($J23=P$2,"FC3 Night","")))) -> Day | Q23: =IF(OR($D23=Q$2,$E23=Q$2,$F23=Q$2),"Day",IF($G23=Q$2,"Night",IF(OR($H23=Q$2,$I23=Q$2),"FC3",IF($J23=Q$2,"FC3 Night","OFF")))) -> OFF | R23: =IF(OR($D23=R$2,$E23=R$2,$F23=R$2),"Day",IF($G23=R$2,"Night",IF(OR($H23=R$2,$I23=R$2),"FC3",IF($J23=R$2,"FC3 Night","")))) | S23: =IF(OR($D23=S$2,$E23=S$2,$F23=S$2),"Day",IF($G23=S$2,"Night",IF(OR($H23=S$2,$I23=S$2),"FC3",IF($J23=S$2,"FC3 Night","OFF")))) -> OFF | T23: =IF(OR($D23=T$2,$E23=T$2,$F23=T$2),"Day",IF($G23=T$2,"Night",IF(OR($H23=T$2,$I23=T$2),"FC3",IF($J23=T$2,"FC3 Night","")))) | U23: =IF(OR($D23=U$2,$E23=U$2,$F23=U$2),"Day",IF($G23=U$2,"Night",IF(OR($H23=U$2,$I23=U$2),"FC3",IF($J23=U$2,"FC3 Night","")))) | V23: =IF(OR($D23=V$2,$E23=V$2,$F23=V$2),"Day",IF($G23=V$2,"Night",IF(OR($H23=V$2,$I23=V$2),"FC3",IF($J23=V$2,"FC3 Night","")))) | W23: =IF(OR($D23=W$2,$E23=W$2,$F23=W$2),"Day",IF($G23=W$2,"Night",IF(OR($H23=W$2,$I23=W$2),"FC3",IF($J23=W$2,"FC3 Night","")))) | X23: =IF(OR($D23=X$2,$E23=X$2,$F23=X$2),"Day",IF($G23=X$2,"Night",IF(OR($H23=X$2,$I23=X$2),"FC3",IF($J23=X$2,"FC3 Night","")))) | Y23: =IF(OR($D23=Y$2,$E23=Y$2,$F23=Y$2),"Day",IF($G23=Y$2,"Night",IF(OR($H23=Y$2,$I23=Y$2),"FC3",IF($J23=Y$2,"FC3 Night","")))) | Z23: =IF(OR($D23=Z$2,$E23=Z$2,$F23=Z$2),"Day",IF($G23=Z$2,"Night",IF(OR($H23=Z$2,$I23=Z$2),"FC3",IF($J23=Z$2,"FC3 Night","")))) | AA23: 46339
A24: 11/14/26 | B24: Sat | C24: PP2 | D24: Radha | E24: Todd | K24: =IF(OR($D24=K$2,$E24=K$2,$F24=K$2),"Day",IF($G24=K$2,"Night",IF(OR($H24=K$2,$I24=K$2),"FC3",IF($J24=K$2,"FC3 Night","OFF")))) -> OFF | L24: =IF(OR($D24=L$2,$E24=L$2,$F24=L$2),"Day",IF($G24=L$2,"Night",IF(OR($H24=L$2,$I24=L$2),"FC3",IF($J24=L$2,"FC3 Night","OFF")))) -> OFF | M24: =IF(OR($D24=M$2,$E24=M$2,$F24=M$2),"Day",IF($G24=M$2,"Night",IF(OR($H24=M$2,$I24=M$2),"FC3",IF($J24=M$2,"FC3 Night","OFF")))) -> OFF | N24: =IF(OR($D24=N$2,$E24=N$2,$F24=N$2),"Day",IF($G24=N$2,"Night",IF(OR($H24=N$2,$I24=N$2),"FC3",IF($J24=N$2,"FC3 Night","OFF")))) -> OFF | O24: =IF(OR($D24=O$2,$E24=O$2,$F24=O$2),"Day",IF($G24=O$2,"Night",IF(OR($H24=O$2,$I24=O$2),"FC3",IF($J24=O$2,"FC3 Night",IF(AND(COUNTA($D24:$G24)<4,Summary!$W$9<Summary!$W$2),"Yellow",""))))) | P24: =IF(OR($D24=P$2,$E24=P$2,$F24=P$2),"Day",IF($G24=P$2,"Night",IF(OR($H24=P$2,$I24=P$2),"FC3",IF($J24=P$2,"FC3 Night",IF(AND(COUNTA($D24:$G24)<4,Summary!$X$9<Summary!$X$2),"Yellow",""))))) | Q24: =IF(OR($D24=Q$2,$E24=Q$2,$F24=Q$2),"Day",IF($G24=Q$2,"Night",IF(OR($H24=Q$2,$I24=Q$2),"FC3",IF($J24=Q$2,"FC3 Night","OFF")))) -> OFF | R24: =IF(OR($D24=R$2,$E24=R$2,$F24=R$2),"Day",IF($G24=R$2,"Night",IF(OR($H24=R$2,$I24=R$2),"FC3",IF($J24=R$2,"FC3 Night","")))) -> Day | S24: =IF(OR($D24=S$2,$E24=S$2,$F24=S$2),"Day",IF($G24=S$2,"Night",IF(OR($H24=S$2,$I24=S$2),"FC3",IF($J24=S$2,"FC3 Night","OFF")))) -> OFF | T24: =IF(OR($D24=T$2,$E24=T$2,$F24=T$2),"Day",IF($G24=T$2,"Night",IF(OR($H24=T$2,$I24=T$2),"FC3",IF($J24=T$2,"FC3 Night","")))) -> Day | U24: =IF(OR($D24=U$2,$E24=U$2,$F24=U$2),"Day",IF($G24=U$2,"Night",IF(OR($H24=U$2,$I24=U$2),"FC3",IF($J24=U$2,"FC3 Night","")))) | V24: =IF(OR($D24=V$2,$E24=V$2,$F24=V$2),"Day",IF($G24=V$2,"Night",IF(OR($H24=V$2,$I24=V$2),"FC3",IF($J24=V$2,"FC3 Night","")))) | W24: =IF(OR($D24=W$2,$E24=W$2,$F24=W$2),"Day",IF($G24=W$2,"Night",IF(OR($H24=W$2,$I24=W$2),"FC3",IF($J24=W$2,"FC3 Night","")))) | X24: =IF(OR($D24=X$2,$E24=X$2,$F24=X$2),"Day",IF($G24=X$2,"Night",IF(OR($H24=X$2,$I24=X$2),"FC3",IF($J24=X$2,"FC3 Night","")))) | Y24: =IF(OR($D24=Y$2,$E24=Y$2,$F24=Y$2),"Day",IF($G24=Y$2,"Night",IF(OR($H24=Y$2,$I24=Y$2),"FC3",IF($J24=Y$2,"FC3 Night","")))) | Z24: =IF(OR($D24=Z$2,$E24=Z$2,$F24=Z$2),"Day",IF($G24=Z$2,"Night",IF(OR($H24=Z$2,$I24=Z$2),"FC3",IF($J24=Z$2,"FC3 Night","")))) | AA24: 46340
A25: 11/15/26 | B25: Sun | C25: PP2 | D25: Todd | E25: Radha | K25: =IF(OR($D25=K$2,$E25=K$2,$F25=K$2),"Day",IF($G25=K$2,"Night",IF(OR($H25=K$2,$I25=K$2),"FC3",IF($J25=K$2,"FC3 Night","OFF")))) -> OFF | L25: =IF(OR($D25=L$2,$E25=L$2,$F25=L$2),"Day",IF($G25=L$2,"Night",IF(OR($H25=L$2,$I25=L$2),"FC3",IF($J25=L$2,"FC3 Night","OFF")))) -> OFF | M25: =IF(OR($D25=M$2,$E25=M$2,$F25=M$2),"Day",IF($G25=M$2,"Night",IF(OR($H25=M$2,$I25=M$2),"FC3",IF($J25=M$2,"FC3 Night","OFF")))) -> OFF | N25: =IF(OR($D25=N$2,$E25=N$2,$F25=N$2),"Day",IF($G25=N$2,"Night",IF(OR($H25=N$2,$I25=N$2),"FC3",IF($J25=N$2,"FC3 Night",IF(AND(COUNTA($D25:$G25)<4,Summary!$V$9<Summary!$V$2),"Yellow",""))))) | O25: =IF(OR($D25=O$2,$E25=O$2,$F25=O$2),"Day",IF($G25=O$2,"Night",IF(OR($H25=O$2,$I25=O$2),"FC3",IF($J25=O$2,"FC3 Night","OFF")))) -> OFF | P25: =IF(OR($D25=P$2,$E25=P$2,$F25=P$2),"Day",IF($G25=P$2,"Night",IF(OR($H25=P$2,$I25=P$2),"FC3",IF($J25=P$2,"FC3 Night","OFF")))) -> OFF | Q25: =IF(OR($D25=Q$2,$E25=Q$2,$F25=Q$2),"Day",IF($G25=Q$2,"Night",IF(OR($H25=Q$2,$I25=Q$2),"FC3",IF($J25=Q$2,"FC3 Night","OFF")))) -> OFF | R25: =IF(OR($D25=R$2,$E25=R$2,$F25=R$2),"Day",IF($G25=R$2,"Night",IF(OR($H25=R$2,$I25=R$2),"FC3",IF($J25=R$2,"FC3 Night","")))) -> Day | S25: =IF(OR($D25=S$2,$E25=S$2,$F25=S$2),"Day",IF($G25=S$2,"Night",IF(OR($H25=S$2,$I25=S$2),"FC3",IF($J25=S$2,"FC3 Night","OFF")))) -> OFF | T25: =IF(OR($D25=T$2,$E25=T$2,$F25=T$2),"Day",IF($G25=T$2,"Night",IF(OR($H25=T$2,$I25=T$2),"FC3",IF($J25=T$2,"FC3 Night","")))) -> Day | U25: =IF(OR($D25=U$2,$E25=U$2,$F25=U$2),"Day",IF($G25=U$2,"Night",IF(OR($H25=U$2,$I25=U$2),"FC3",IF($J25=U$2,"FC3 Night","")))) | V25: =IF(OR($D25=V$2,$E25=V$2,$F25=V$2),"Day",IF($G25=V$2,"Night",IF(OR($H25=V$2,$I25=V$2),"FC3",IF($J25=V$2,"FC3 Night","")))) | W25: =IF(OR($D25=W$2,$E25=W$2,$F25=W$2),"Day",IF($G25=W$2,"Night",IF(OR($H25=W$2,$I25=W$2),"FC3",IF($J25=W$2,"FC3 Night","")))) | X25: =IF(OR($D25=X$2,$E25=X$2,$F25=X$2),"Day",IF($G25=X$2,"Night",IF(OR($H25=X$2,$I25=X$2),"FC3",IF($J25=X$2,"FC3 Night","")))) | Y25: =IF(OR($D25=Y$2,$E25=Y$2,$F25=Y$2),"Day",IF($G25=Y$2,"Night",IF(OR($H25=Y$2,$I25=Y$2),"FC3",IF($J25=Y$2,"FC3 Night","")))) | Z25: =IF(OR($D25=Z$2,$E25=Z$2,$F25=Z$2),"Day",IF($G25=Z$2,"Night",IF(OR($H25=Z$2,$I25=Z$2),"FC3",IF($J25=Z$2,"FC3 Night","")))) | AA25: 46341
A26: 11/16/26 | B26: Mon | C26: PP2 | D26: John | E26: Hayden | F26: Katie | G26: Maureen | K26: =IF(OR($D26=K$2,$E26=K$2,$F26=K$2),"Day",IF($G26=K$2,"Night",IF(OR($H26=K$2,$I26=K$2),"FC3",IF($J26=K$2,"FC3 Night","")))) -> Day | L26: =IF(OR($D26=L$2,$E26=L$2,$F26=L$2),"Day",IF($G26=L$2,"Night",IF(OR($H26=L$2,$I26=L$2),"FC3",IF($J26=L$2,"FC3 Night","")))) -> Day | M26: =IF(OR($D26=M$2,$E26=M$2,$F26=M$2),"Day",IF($G26=M$2,"Night",IF(OR($H26=M$2,$I26=M$2),"FC3",IF($J26=M$2,"FC3 Night","")))) -> Day | N26: =IF(OR($D26=N$2,$E26=N$2,$F26=N$2),"Day",IF($G26=N$2,"Night",IF(OR($H26=N$2,$I26=N$2),"FC3",IF($J26=N$2,"FC3 Night","")))) -> Night | O26: =IF(OR($D26=O$2,$E26=O$2,$F26=O$2),"Day",IF($G26=O$2,"Night",IF(OR($H26=O$2,$I26=O$2),"FC3",IF($J26=O$2,"FC3 Night","")))) | P26: =IF(OR($D26=P$2,$E26=P$2,$F26=P$2),"Day",IF($G26=P$2,"Night",IF(OR($H26=P$2,$I26=P$2),"FC3",IF($J26=P$2,"FC3 Night","")))) | Q26: =IF(OR($D26=Q$2,$E26=Q$2,$F26=Q$2),"Day",IF($G26=Q$2,"Night",IF(OR($H26=Q$2,$I26=Q$2),"FC3",IF($J26=Q$2,"FC3 Night",IF(AND(COUNTA($D26:$G26)<4,Summary!$Y$9<Summary!$Y$2),"Yellow",""))))) | R26: =IF(OR($D26=R$2,$E26=R$2,$F26=R$2),"Day",IF($G26=R$2,"Night",IF(OR($H26=R$2,$I26=R$2),"FC3",IF($J26=R$2,"FC3 Night","")))) | S26: =IF(OR($D26=S$2,$E26=S$2,$F26=S$2),"Day",IF($G26=S$2,"Night",IF(OR($H26=S$2,$I26=S$2),"FC3",IF($J26=S$2,"FC3 Night","OFF")))) -> OFF | T26: =IF(OR($D26=T$2,$E26=T$2,$F26=T$2),"Day",IF($G26=T$2,"Night",IF(OR($H26=T$2,$I26=T$2),"FC3",IF($J26=T$2,"FC3 Night","")))) | U26: =IF(OR($D26=U$2,$E26=U$2,$F26=U$2),"Day",IF($G26=U$2,"Night",IF(OR($H26=U$2,$I26=U$2),"FC3",IF($J26=U$2,"FC3 Night","")))) | V26: =IF(OR($D26=V$2,$E26=V$2,$F26=V$2),"Day",IF($G26=V$2,"Night",IF(OR($H26=V$2,$I26=V$2),"FC3",IF($J26=V$2,"FC3 Night","")))) | W26: =IF(OR($D26=W$2,$E26=W$2,$F26=W$2),"Day",IF($G26=W$2,"Night",IF(OR($H26=W$2,$I26=W$2),"FC3",IF($J26=W$2,"FC3 Night","")))) | X26: =IF(OR($D26=X$2,$E26=X$2,$F26=X$2),"Day",IF($G26=X$2,"Night",IF(OR($H26=X$2,$I26=X$2),"FC3",IF($J26=X$2,"FC3 Night","")))) | Y26: =IF(OR($D26=Y$2,$E26=Y$2,$F26=Y$2),"Day",IF($G26=Y$2,"Night",IF(OR($H26=Y$2,$I26=Y$2),"FC3",IF($J26=Y$2,"FC3 Night","")))) | Z26: =IF(OR($D26=Z$2,$E26=Z$2,$F26=Z$2),"Day",IF($G26=Z$2,"Night",IF(OR($H26=Z$2,$I26=Z$2),"FC3",IF($J26=Z$2,"FC3 Night","")))) | AA26: 46342
A27: 11/17/26 | B27: Tue | C27: PP2 | D27: Todd | E27: John | F27: Caroline | G27: Maureen | K27: =IF(OR($D27=K$2,$E27=K$2,$F27=K$2),"Day",IF($G27=K$2,"Night",IF(OR($H27=K$2,$I27=K$2),"FC3",IF($J27=K$2,"FC3 Night","")))) | L27: =IF(OR($D27=L$2,$E27=L$2,$F27=L$2),"Day",IF($G27=L$2,"Night",IF(OR($H27=L$2,$I27=L$2),"FC3",IF($J27=L$2,"FC3 Night","")))) | M27: =IF(OR($D27=M$2,$E27=M$2,$F27=M$2),"Day",IF($G27=M$2,"Night",IF(OR($H27=M$2,$I27=M$2),"FC3",IF($J27=M$2,"FC3 Night","")))) -> Day | N27: =IF(OR($D27=N$2,$E27=N$2,$F27=N$2),"Day",IF($G27=N$2,"Night",IF(OR($H27=N$2,$I27=N$2),"FC3",IF($J27=N$2,"FC3 Night","")))) -> Night | O27: =IF(OR($D27=O$2,$E27=O$2,$F27=O$2),"Day",IF($G27=O$2,"Night",IF(OR($H27=O$2,$I27=O$2),"FC3",IF($J27=O$2,"FC3 Night","")))) | P27: =IF(OR($D27=P$2,$E27=P$2,$F27=P$2),"Day",IF($G27=P$2,"Night",IF(OR($H27=P$2,$I27=P$2),"FC3",IF($J27=P$2,"FC3 Night","")))) -> Day | Q27: =IF(OR($D27=Q$2,$E27=Q$2,$F27=Q$2),"Day",IF($G27=Q$2,"Night",IF(OR($H27=Q$2,$I27=Q$2),"FC3",IF($J27=Q$2,"FC3 Night","")))) | R27: =IF(OR($D27=R$2,$E27=R$2,$F27=R$2),"Day",IF($G27=R$2,"Night",IF(OR($H27=R$2,$I27=R$2),"FC3",IF($J27=R$2,"FC3 Night","PTO")))) -> PTO | S27: =IF(OR($D27=S$2,$E27=S$2,$F27=S$2),"Day",IF($G27=S$2,"Night",IF(OR($H27=S$2,$I27=S$2),"FC3",IF($J27=S$2,"FC3 Night","OFF")))) -> OFF | T27: =IF(OR($D27=T$2,$E27=T$2,$F27=T$2),"Day",IF($G27=T$2,"Night",IF(OR($H27=T$2,$I27=T$2),"FC3",IF($J27=T$2,"FC3 Night","")))) -> Day | U27: =IF(OR($D27=U$2,$E27=U$2,$F27=U$2),"Day",IF($G27=U$2,"Night",IF(OR($H27=U$2,$I27=U$2),"FC3",IF($J27=U$2,"FC3 Night","")))) | V27: =IF(OR($D27=V$2,$E27=V$2,$F27=V$2),"Day",IF($G27=V$2,"Night",IF(OR($H27=V$2,$I27=V$2),"FC3",IF($J27=V$2,"FC3 Night","")))) | W27: =IF(OR($D27=W$2,$E27=W$2,$F27=W$2),"Day",IF($G27=W$2,"Night",IF(OR($H27=W$2,$I27=W$2),"FC3",IF($J27=W$2,"FC3 Night","")))) | X27: =IF(OR($D27=X$2,$E27=X$2,$F27=X$2),"Day",IF($G27=X$2,"Night",IF(OR($H27=X$2,$I27=X$2),"FC3",IF($J27=X$2,"FC3 Night","")))) | Y27: =IF(OR($D27=Y$2,$E27=Y$2,$F27=Y$2),"Day",IF($G27=Y$2,"Night",IF(OR($H27=Y$2,$I27=Y$2),"FC3",IF($J27=Y$2,"FC3 Night","")))) | Z27: =IF(OR($D27=Z$2,$E27=Z$2,$F27=Z$2),"Day",IF($G27=Z$2,"Night",IF(OR($H27=Z$2,$I27=Z$2),"FC3",IF($J27=Z$2,"FC3 Night","")))) | AA27: 46343
A28: 11/18/26 | B28: Wed | C28: PP2 | D28: John | E28: Kristin | F28: Caroline | G28: Maureen | K28: =IF(OR($D28=K$2,$E28=K$2,$F28=K$2),"Day",IF($G28=K$2,"Night",IF(OR($H28=K$2,$I28=K$2),"FC3",IF($J28=K$2,"FC3 Night","")))) | L28: =IF(OR($D28=L$2,$E28=L$2,$F28=L$2),"Day",IF($G28=L$2,"Night",IF(OR($H28=L$2,$I28=L$2),"FC3",IF($J28=L$2,"FC3 Night","")))) | M28: =IF(OR($D28=M$2,$E28=M$2,$F28=M$2),"Day",IF($G28=M$2,"Night",IF(OR($H28=M$2,$I28=M$2),"FC3",IF($J28=M$2,"FC3 Night","")))) -> Day | N28: =IF(OR($D28=N$2,$E28=N$2,$F28=N$2),"Day",IF($G28=N$2,"Night",IF(OR($H28=N$2,$I28=N$2),"FC3",IF($J28=N$2,"FC3 Night","")))) -> Night | O28: =IF(OR($D28=O$2,$E28=O$2,$F28=O$2),"Day",IF($G28=O$2,"Night",IF(OR($H28=O$2,$I28=O$2),"FC3",IF($J28=O$2,"FC3 Night","")))) | P28: =IF(OR($D28=P$2,$E28=P$2,$F28=P$2),"Day",IF($G28=P$2,"Night",IF(OR($H28=P$2,$I28=P$2),"FC3",IF($J28=P$2,"FC3 Night","")))) -> Day | Q28: =IF(OR($D28=Q$2,$E28=Q$2,$F28=Q$2),"Day",IF($G28=Q$2,"Night",IF(OR($H28=Q$2,$I28=Q$2),"FC3",IF($J28=Q$2,"FC3 Night","")))) -> Day | R28: =IF(OR($D28=R$2,$E28=R$2,$F28=R$2),"Day",IF($G28=R$2,"Night",IF(OR($H28=R$2,$I28=R$2),"FC3",IF($J28=R$2,"FC3 Night","")))) | S28: =IF(OR($D28=S$2,$E28=S$2,$F28=S$2),"Day",IF($G28=S$2,"Night",IF(OR($H28=S$2,$I28=S$2),"FC3",IF($J28=S$2,"FC3 Night","OFF")))) -> OFF | T28: =IF(OR($D28=T$2,$E28=T$2,$F28=T$2),"Day",IF($G28=T$2,"Night",IF(OR($H28=T$2,$I28=T$2),"FC3",IF($J28=T$2,"FC3 Night","")))) | U28: =IF(OR($D28=U$2,$E28=U$2,$F28=U$2),"Day",IF($G28=U$2,"Night",IF(OR($H28=U$2,$I28=U$2),"FC3",IF($J28=U$2,"FC3 Night","")))) | V28: =IF(OR($D28=V$2,$E28=V$2,$F28=V$2),"Day",IF($G28=V$2,"Night",IF(OR($H28=V$2,$I28=V$2),"FC3",IF($J28=V$2,"FC3 Night","")))) | W28: =IF(OR($D28=W$2,$E28=W$2,$F28=W$2),"Day",IF($G28=W$2,"Night",IF(OR($H28=W$2,$I28=W$2),"FC3",IF($J28=W$2,"FC3 Night","")))) | X28: =IF(OR($D28=X$2,$E28=X$2,$F28=X$2),"Day",IF($G28=X$2,"Night",IF(OR($H28=X$2,$I28=X$2),"FC3",IF($J28=X$2,"FC3 Night","")))) | Y28: =IF(OR($D28=Y$2,$E28=Y$2,$F28=Y$2),"Day",IF($G28=Y$2,"Night",IF(OR($H28=Y$2,$I28=Y$2),"FC3",IF($J28=Y$2,"FC3 Night","")))) | Z28: =IF(OR($D28=Z$2,$E28=Z$2,$F28=Z$2),"Day",IF($G28=Z$2,"Night",IF(OR($H28=Z$2,$I28=Z$2),"FC3",IF($J28=Z$2,"FC3 Night","")))) | AA28: 46344
A29: 11/19/26 | B29: Thu | C29: PP2 | D29: Mandie | E29: Kristin | G29: Radha | K29: =IF(OR($D29=K$2,$E29=K$2,$F29=K$2),"Day",IF($G29=K$2,"Night",IF(OR($H29=K$2,$I29=K$2),"FC3",IF($J29=K$2,"FC3 Night","")))) | L29: =IF(OR($D29=L$2,$E29=L$2,$F29=L$2),"Day",IF($G29=L$2,"Night",IF(OR($H29=L$2,$I29=L$2),"FC3",IF($J29=L$2,"FC3 Night","")))) | M29: =IF(OR($D29=M$2,$E29=M$2,$F29=M$2),"Day",IF($G29=M$2,"Night",IF(OR($H29=M$2,$I29=M$2),"FC3",IF($J29=M$2,"FC3 Night","")))) | N29: =IF(OR($D29=N$2,$E29=N$2,$F29=N$2),"Day",IF($G29=N$2,"Night",IF(OR($H29=N$2,$I29=N$2),"FC3",IF($J29=N$2,"FC3 Night","")))) | O29: =IF(OR($D29=O$2,$E29=O$2,$F29=O$2),"Day",IF($G29=O$2,"Night",IF(OR($H29=O$2,$I29=O$2),"FC3",IF($J29=O$2,"FC3 Night","")))) -> Day | P29: =IF(OR($D29=P$2,$E29=P$2,$F29=P$2),"Day",IF($G29=P$2,"Night",IF(OR($H29=P$2,$I29=P$2),"FC3",IF($J29=P$2,"FC3 Night","OFF")))) -> OFF | Q29: =IF(OR($D29=Q$2,$E29=Q$2,$F29=Q$2),"Day",IF($G29=Q$2,"Night",IF(OR($H29=Q$2,$I29=Q$2),"FC3",IF($J29=Q$2,"FC3 Night","")))) -> Day | R29: =IF(OR($D29=R$2,$E29=R$2,$F29=R$2),"Day",IF($G29=R$2,"Night",IF(OR($H29=R$2,$I29=R$2),"FC3",IF($J29=R$2,"FC3 Night","")))) -> Night | S29: =IF(OR($D29=S$2,$E29=S$2,$F29=S$2),"Day",IF($G29=S$2,"Night",IF(OR($H29=S$2,$I29=S$2),"FC3",IF($J29=S$2,"FC3 Night","OFF")))) -> OFF | T29: =IF(OR($D29=T$2,$E29=T$2,$F29=T$2),"Day",IF($G29=T$2,"Night",IF(OR($H29=T$2,$I29=T$2),"FC3",IF($J29=T$2,"FC3 Night",IF(AND(COUNTA($D29:$G29)<4,Summary!$AB$9<Summary!$AB$2),"Yellow",""))))) | U29: =IF(OR($D29=U$2,$E29=U$2,$F29=U$2),"Day",IF($G29=U$2,"Night",IF(OR($H29=U$2,$I29=U$2),"FC3",IF($J29=U$2,"FC3 Night","")))) | V29: =IF(OR($D29=V$2,$E29=V$2,$F29=V$2),"Day",IF($G29=V$2,"Night",IF(OR($H29=V$2,$I29=V$2),"FC3",IF($J29=V$2,"FC3 Night","")))) | W29: =IF(OR($D29=W$2,$E29=W$2,$F29=W$2),"Day",IF($G29=W$2,"Night",IF(OR($H29=W$2,$I29=W$2),"FC3",IF($J29=W$2,"FC3 Night","")))) | X29: =IF(OR($D29=X$2,$E29=X$2,$F29=X$2),"Day",IF($G29=X$2,"Night",IF(OR($H29=X$2,$I29=X$2),"FC3",IF($J29=X$2,"FC3 Night","")))) | Y29: =IF(OR($D29=Y$2,$E29=Y$2,$F29=Y$2),"Day",IF($G29=Y$2,"Night",IF(OR($H29=Y$2,$I29=Y$2),"FC3",IF($J29=Y$2,"FC3 Night","")))) | Z29: =IF(OR($D29=Z$2,$E29=Z$2,$F29=Z$2),"Day",IF($G29=Z$2,"Night",IF(OR($H29=Z$2,$I29=Z$2),"FC3",IF($J29=Z$2,"FC3 Night","")))) | AA29: 46345
A30: 11/20/26 | B30: Fri | C30: PP2 | D30: Katie | E30: Mandie | G30: Radha | K30: =IF(OR($D30=K$2,$E30=K$2,$F30=K$2),"Day",IF($G30=K$2,"Night",IF(OR($H30=K$2,$I30=K$2),"FC3",IF($J30=K$2,"FC3 Night","")))) -> Day | L30: =IF(OR($D30=L$2,$E30=L$2,$F30=L$2),"Day",IF($G30=L$2,"Night",IF(OR($H30=L$2,$I30=L$2),"FC3",IF($J30=L$2,"FC3 Night","")))) | M30: =IF(OR($D30=M$2,$E30=M$2,$F30=M$2),"Day",IF($G30=M$2,"Night",IF(OR($H30=M$2,$I30=M$2),"FC3",IF($J30=M$2,"FC3 Night","")))) | N30: =IF(OR($D30=N$2,$E30=N$2,$F30=N$2),"Day",IF($G30=N$2,"Night",IF(OR($H30=N$2,$I30=N$2),"FC3",IF($J30=N$2,"FC3 Night","")))) | O30: =IF(OR($D30=O$2,$E30=O$2,$F30=O$2),"Day",IF($G30=O$2,"Night",IF(OR($H30=O$2,$I30=O$2),"FC3",IF($J30=O$2,"FC3 Night","")))) -> Day | P30: =IF(OR($D30=P$2,$E30=P$2,$F30=P$2),"Day",IF($G30=P$2,"Night",IF(OR($H30=P$2,$I30=P$2),"FC3",IF($J30=P$2,"FC3 Night","OFF")))) -> OFF | Q30: =IF(OR($D30=Q$2,$E30=Q$2,$F30=Q$2),"Day",IF($G30=Q$2,"Night",IF(OR($H30=Q$2,$I30=Q$2),"FC3",IF($J30=Q$2,"FC3 Night","")))) | R30: =IF(OR($D30=R$2,$E30=R$2,$F30=R$2),"Day",IF($G30=R$2,"Night",IF(OR($H30=R$2,$I30=R$2),"FC3",IF($J30=R$2,"FC3 Night","")))) -> Night | S30: =IF(OR($D30=S$2,$E30=S$2,$F30=S$2),"Day",IF($G30=S$2,"Night",IF(OR($H30=S$2,$I30=S$2),"FC3",IF($J30=S$2,"FC3 Night","OFF")))) -> OFF | T30: =IF(OR($D30=T$2,$E30=T$2,$F30=T$2),"Day",IF($G30=T$2,"Night",IF(OR($H30=T$2,$I30=T$2),"FC3",IF($J30=T$2,"FC3 Night","OFF")))) -> OFF | U30: =IF(OR($D30=U$2,$E30=U$2,$F30=U$2),"Day",IF($G30=U$2,"Night",IF(OR($H30=U$2,$I30=U$2),"FC3",IF($J30=U$2,"FC3 Night","")))) | V30: =IF(OR($D30=V$2,$E30=V$2,$F30=V$2),"Day",IF($G30=V$2,"Night",IF(OR($H30=V$2,$I30=V$2),"FC3",IF($J30=V$2,"FC3 Night","")))) | W30: =IF(OR($D30=W$2,$E30=W$2,$F30=W$2),"Day",IF($G30=W$2,"Night",IF(OR($H30=W$2,$I30=W$2),"FC3",IF($J30=W$2,"FC3 Night","")))) | X30: =IF(OR($D30=X$2,$E30=X$2,$F30=X$2),"Day",IF($G30=X$2,"Night",IF(OR($H30=X$2,$I30=X$2),"FC3",IF($J30=X$2,"FC3 Night","")))) | Y30: =IF(OR($D30=Y$2,$E30=Y$2,$F30=Y$2),"Day",IF($G30=Y$2,"Night",IF(OR($H30=Y$2,$I30=Y$2),"FC3",IF($J30=Y$2,"FC3 Night","")))) | Z30: =IF(OR($D30=Z$2,$E30=Z$2,$F30=Z$2),"Day",IF($G30=Z$2,"Night",IF(OR($H30=Z$2,$I30=Z$2),"FC3",IF($J30=Z$2,"FC3 Night","")))) | AA30: 46346
